{"type": "FeatureCollection", "features": [{"type": "Feature", "properties": {"featurecla": "Admin-0 country", "scalerank": 5, "LABELRANK": 3, "SOVEREIGNT": "Venezuela", "SOV_A3": "VEN", "ADM0_DIF": 0, "LEVEL": 2, "TYPE": "Sovereign country", "TLC": "1", "ADMIN": "Venezuela", "ADM0_A3": "VEN", "GEOU_DIF": 0, "GEOUNIT": "Venezuela", "GU_A3": "VEN", "SU_DIF": 0, "SUBUNIT": "Venezuela", "SU_A3": "VEN", "BRK_DIFF": 0, "NAME": "Venezuela", "NAME_LONG": "Venezuela", "BRK_A3": "VEN", "BRK_NAME": "Venezuela", "BRK_GROUP": null, "ABBREV": "Ven.", "POSTAL": "VE", "FORMAL_EN": "Bolivarian Republic of Venezuela", "FORMAL_FR": "Rep\u00fablica Bolivariana de Venezuela", "NAME_CIAWF": "Venezuela", "NOTE_ADM0": null, "NOTE_BRK": null, "NAME_SORT": "Venezuela, RB", "NAME_ALT": null, "MAPCOLOR7": 1, "MAPCOLOR8": 3, "MAPCOLOR9": 1, "MAPCOLOR13": 4, "POP_EST": 28515829, "POP_RANK": 15, "POP_YEAR": 2019, "GDP_MD": 482359, "GDP_YEAR": 2014, "ECONOMY": "5. Emerging region: G20", "INCOME_GRP": "3. Upper middle income", "FIPS_10": "VE", "ISO_A2": "VE", "ISO_A2_EH": "VE", "ISO_A3": "VEN", "ISO_A3_EH": "VEN", "ISO_N3": "862", "ISO_N3_EH": "862", "UN_A3": "862", "WB_A2": "VE", "WB_A3": "VEN", "WOE_ID": 23424982, "WOE_ID_EH": 23424982, "WOE_NOTE": "Exact WOE match as country", "ADM0_ISO": "VEN", "ADM0_DIFF": null, "ADM0_TLC": "VEN", "ADM0_A3_US": "VEN", "ADM0_A3_FR": "VEN", "ADM0_A3_RU": "VEN", "ADM0_A3_ES": "VEN", "ADM0_A3_CN": "VEN", "ADM0_A3_TW": "VEN", "ADM0_A3_IN": "VEN", "ADM0_A3_NP": "VEN", "ADM0_A3_PK": "VEN", "ADM0_A3_DE": "VEN", "ADM0_A3_GB": "VEN", "ADM0_A3_BR": "VEN", "ADM0_A3_IL": "VEN", "ADM0_A3_PS": "VEN", "ADM0_A3_SA": "VEN", "ADM0_A3_EG": "VEN", "ADM0_A3_MA": "VEN", "ADM0_A3_PT": "VEN", "ADM0_A3_AR": "VEN", "ADM0_A3_JP": "VEN", "ADM0_A3_KO": "VEN", "ADM0_A3_VN": "VEN", "ADM0_A3_TR": "VEN", "ADM0_A3_ID": "VEN", "ADM0_A3_PL": "VEN", "ADM0_A3_GR": "VEN", "ADM0_A3_IT": "VEN", "ADM0_A3_NL": "VEN", "ADM0_A3_SE": "VEN", "ADM0_A3_BD": "VEN", "ADM0_A3_UA": "VEN", "ADM0_A3_UN": -99, "ADM0_A3_WB": -99, "CONTINENT": "South America", "REGION_UN": "Americas", "SUBREGION": "South America", "REGION_WB": "Latin America & Caribbean", "NAME_LEN": 9, "LONG_LEN": 9, "ABBREV_LEN": 4, "TINY": -99, "HOMEPART": 1, "MIN_ZOOM": 0, "MIN_LABEL": 2.5, "MAX_LABEL": 7.5, "LABEL_X": -64.599381, "LABEL_Y": 7.182476, "NE_ID": 1159321411, "WIKIDATAID": "Q717", "NAME_AR": "\u0641\u0646\u0632\u0648\u064a\u0644\u0627", "NAME_BN": "\u09ad\u09c7\u09a8\u09c7\u099c\u09c1\u09af\u09bc\u09c7\u09b2\u09be", "NAME_DE": "Venezuela", "NAME_EN": "Venezuela", "NAME_ES": "Venezuela", "NAME_FA": "\u0648\u0646\u0632\u0648\u0626\u0644\u0627", "NAME_FR": "Venezuela", "NAME_EL": "\u0392\u03b5\u03bd\u03b5\u03b6\u03bf\u03c5\u03ad\u03bb\u03b1", "NAME_HE": "\u05d5\u05e0\u05e6\u05d5\u05d0\u05dc\u05d4", "NAME_HI": "\u0935\u0947\u0928\u0947\u091c\u093c\u0941\u090f\u0932\u093e", "NAME_HU": "Venezuela", "NAME_ID": "Venezuela", "NAME_IT": "Venezuela", "NAME_JA": "\u30d9\u30cd\u30ba\u30a8\u30e9", "NAME_KO": "\ubca0\ub124\uc218\uc5d8\ub77c", "NAME_NL": "Venezuela", "NAME_PL": "Wenezuela", "NAME_PT": "Venezuela", "NAME_RU": "\u0412\u0435\u043d\u0435\u0441\u0443\u044d\u043b\u0430", "NAME_SV": "Venezuela", "NAME_TR": "Venezuela", "NAME_UK": "\u0412\u0435\u043d\u0435\u0441\u0443\u0435\u043b\u0430", "NAME_UR": "\u0648\u06cc\u0646\u06cc\u0632\u0648\u06cc\u0644\u0627", "NAME_VI": "Venezuela", "NAME_ZH": "\u59d4\u5185\u745e\u62c9", "NAME_ZHT": "\u59d4\u5167\u745e\u62c9", "FCLASS_ISO": "Admin-0 country", "TLC_DIFF": null, "FCLASS_TLC": "Admin-0 country", "FCLASS_US": null, "FCLASS_FR": null, "FCLASS_RU": null, "FCLASS_ES": null, "FCLASS_CN": null, "FCLASS_TW": null, "FCLASS_IN": null, "FCLASS_NP": null, "FCLASS_PK": null, "FCLASS_DE": null, "FCLASS_GB": null, "FCLASS_BR": null, "FCLASS_IL": null, "FCLASS_PS": null, "FCLASS_SA": null, "FCLASS_EG": null, "FCLASS_MA": null, "FCLASS_PT": null, "FCLASS_AR": null, "FCLASS_JP": null, "FCLASS_KO": null, "FCLASS_VN": null, "FCLASS_TR": null, "FCLASS_ID": null, "FCLASS_PL": null, "FCLASS_GR": null, "FCLASS_IT": null, "FCLASS_NL": null, "FCLASS_SE": null, "FCLASS_BD": null, "FCLASS_UA": null}, "bbox": [-73.366211, 0.687988, -59.828906, 12.177881], "geometry": {"type": "MultiPolygon", "coordinates": [[[[-60.821191, 9.138379], [-60.941406, 9.105566], [-60.939453, 9.132324], [-60.907275, 9.178711], [-60.844873, 9.191797], [-60.821387, 9.207666], [-60.781592, 9.218359], [-60.758887, 9.216455], [-60.73584, 9.20332], [-60.790381, 9.177197], [-60.821191, 9.138379]]], [[[-63.849365, 11.131006], [-63.817285, 11.000342], [-63.8271, 10.97583], [-63.917627, 10.887549], [-63.993555, 10.881201], [-64.054688, 10.884326], [-64.101172, 10.901416], [-64.160889, 10.958789], [-64.218945, 10.941602], [-64.3625, 10.961523], [-64.402344, 10.981592], [-64.348633, 11.051904], [-64.249756, 11.080322], [-64.213672, 11.086133], [-64.184814, 11.042969], [-64.112793, 11.005664], [-64.02832, 11.001855], [-64.007324, 11.068457], [-63.893115, 11.167236], [-63.849365, 11.131006]]], [[[-65.2125, 10.906445], [-65.266406, 10.883984], [-65.365234, 10.906445], [-65.414648, 10.937891], [-65.383203, 10.973828], [-65.302344, 10.973828], [-65.226562, 10.930225], [-65.2125, 10.906445]]], [[[-60.9979, 8.867334], [-61.059961, 8.847021], [-61.069189, 8.947314], [-61.050488, 8.974365], [-60.944775, 9.055029], [-60.91582, 9.070312], [-60.89458, 9.053369], [-60.899902, 9.031885], [-60.84917, 8.995703], [-60.861426, 8.949609], [-60.916406, 8.899268], [-60.9979, 8.867334]]], [[[-60.017529, 8.549316], [-59.831641, 8.305957], [-59.828906, 8.27915], [-59.849072, 8.248682], [-59.964844, 8.191602], [-59.990723, 8.162012], [-60.032422, 8.053564], [-60.178174, 7.994043], [-60.278906, 7.919434], [-60.346777, 7.854004], [-60.380615, 7.827637], [-60.513623, 7.813184], [-60.556348, 7.772021], [-60.610107, 7.64834], [-60.649463, 7.596631], [-60.718652, 7.535937], [-60.719238, 7.498682], [-60.62373, 7.36333], [-60.606543, 7.32085], [-60.636182, 7.256592], [-60.633301, 7.211084], [-60.583203, 7.156201], [-60.523193, 7.143701], [-60.464941, 7.166553], [-60.392383, 7.164551], [-60.345068, 7.15], [-60.325488, 7.133984], [-60.32207, 7.092041], [-60.3521, 7.002881], [-60.39502, 6.945361], [-60.586084, 6.85708], [-60.671045, 6.805957], [-60.71792, 6.768311], [-60.82085, 6.788477], [-60.87334, 6.786914], [-60.913574, 6.757812], [-60.937988, 6.732764], [-61.00708, 6.726611], [-61.104785, 6.711377], [-61.145605, 6.694531], [-61.177246, 6.650928], [-61.203613, 6.588379], [-61.181592, 6.513379], [-61.151025, 6.446533], [-61.152295, 6.385107], [-61.128711, 6.214307], [-61.159473, 6.174414], [-61.224951, 6.129199], [-61.303125, 6.049512], [-61.39082, 5.93877], [-61.376807, 5.906982], [-61.167187, 5.674219], [-60.954004, 5.437402], [-60.742139, 5.202051], [-60.711963, 5.191553], [-60.671973, 5.164355], [-60.63501, 5.081982], [-60.604492, 4.99458], [-60.603857, 4.949365], [-60.627588, 4.892529], [-60.67915, 4.8271], [-60.741748, 4.774121], [-60.833398, 4.729199], [-60.90625, 4.686816], [-60.966406, 4.574707], [-61.002832, 4.535254], [-61.036279, 4.519336], [-61.102441, 4.504687], [-61.209424, 4.508057], [-61.280078, 4.516895], [-61.367529, 4.433008], [-61.479395, 4.402246], [-61.554248, 4.287793], [-61.82085, 4.197021], [-62.081592, 4.126318], [-62.153125, 4.098389], [-62.410645, 4.156738], [-62.472559, 4.138525], [-62.543945, 4.084326], [-62.609766, 4.042285], [-62.665332, 4.039648], [-62.712109, 4.01792], [-62.739941, 3.940332], [-62.7646, 3.672949], [-62.856982, 3.593457], [-62.968652, 3.593945], [-63.045312, 3.686475], [-63.13623, 3.756445], [-63.294727, 3.922266], [-63.338672, 3.943896], [-63.379785, 3.942871], [-63.526807, 3.893701], [-63.596631, 3.915039], [-63.65293, 3.94082], [-63.746973, 3.932568], [-63.914648, 3.930664], [-64.021484, 3.929102], [-64.073389, 3.974414], [-64.121729, 4.066992], [-64.154297, 4.100146], [-64.19248, 4.126855], [-64.255664, 4.140332], [-64.525537, 4.13999], [-64.576367, 4.139893], [-64.613672, 4.157715], [-64.665527, 4.237109], [-64.722266, 4.274414], [-64.788672, 4.276025], [-64.817871, 4.232275], [-64.702588, 4.089307], [-64.668994, 4.011816], [-64.56792, 3.899805], [-64.275293, 3.662695], [-64.221094, 3.587402], [-64.227051, 3.491211], [-64.22876, 3.343994], [-64.218848, 3.204687], [-64.143555, 3.004883], [-64.037793, 2.801514], [-64.009033, 2.671875], [-64.028711, 2.576074], [-64.048828, 2.525098], [-64.046582, 2.502393], [-64.024902, 2.481885], [-63.92417, 2.452441], [-63.712549, 2.434033], [-63.584619, 2.433936], [-63.389258, 2.411914], [-63.374854, 2.34043], [-63.393945, 2.22251], [-63.43252, 2.155566], [-63.463916, 2.136035], [-63.570264, 2.120508], [-63.682129, 2.048145], [-63.844482, 1.976709], [-63.937158, 1.966992], [-63.975781, 1.953027], [-64.008496, 1.931592], [-64.035449, 1.904443], [-64.067041, 1.770508], [-64.114844, 1.619287], [-64.205029, 1.529492], [-64.304199, 1.455273], [-64.405127, 1.446875], [-64.486035, 1.452783], [-64.52627, 1.431006], [-64.584375, 1.369873], [-64.667432, 1.293848], [-64.731543, 1.25332], [-64.817969, 1.257129], [-64.910107, 1.219727], [-65.026562, 1.158447], [-65.10376, 1.108105], [-65.169629, 1.022217], [-65.263965, 0.931885], [-65.36084, 0.868652], [-65.407227, 0.790479], [-65.473389, 0.69126], [-65.556055, 0.687988], [-65.562695, 0.74751], [-65.522998, 0.843408], [-65.566016, 0.926074], [-65.644678, 0.970361], [-65.681445, 0.983447], [-65.718115, 0.978027], [-65.811328, 0.937256], [-65.925879, 0.863135], [-65.996338, 0.809766], [-66.060059, 0.785352], [-66.191211, 0.763281], [-66.30166, 0.751953], [-66.347119, 0.767187], [-66.429248, 0.82168], [-66.619043, 0.992139], [-66.876025, 1.223047], [-66.895508, 1.289893], [-66.884473, 1.358252], [-66.931104, 1.458008], [-66.95835, 1.564209], [-66.981543, 1.600781], [-66.988135, 1.680176], [-67.043896, 1.823193], [-67.089551, 1.940332], [-67.131445, 1.999854], [-67.113818, 2.050586], [-67.131445, 2.10127], [-67.165479, 2.142578], [-67.215234, 2.275488], [-67.197607, 2.332764], [-67.21084, 2.390137], [-67.252734, 2.429443], [-67.312256, 2.47168], [-67.391602, 2.559912], [-67.486426, 2.643652], [-67.534961, 2.676758], [-67.568018, 2.689941], [-67.59668, 2.769336], [-67.618701, 2.793604], [-67.667236, 2.800195], [-67.766455, 2.833301], [-67.859082, 2.793604], [-67.86123, 2.855322], [-67.834766, 2.892822], [-67.514844, 3.187256], [-67.353613, 3.322656], [-67.336279, 3.342627], [-67.322168, 3.373975], [-67.311133, 3.415869], [-67.347705, 3.46377], [-67.498682, 3.691113], [-67.551123, 3.733838], [-67.602539, 3.768799], [-67.661621, 3.864258], [-67.732324, 4.086523], [-67.783203, 4.198242], [-67.798633, 4.283887], [-67.79541, 4.380713], [-67.814307, 4.455078], [-67.855273, 4.506885], [-67.855273, 4.665479], [-67.814307, 4.930811], [-67.804199, 5.13252], [-67.824902, 5.270459], [-67.788428, 5.375488], [-67.694629, 5.44751], [-67.642285, 5.558789], [-67.631348, 5.709375], [-67.575195, 5.833105], [-67.473877, 5.92998], [-67.439355, 6.025537], [-67.471582, 6.119775], [-67.481982, 6.180273], [-67.568066, 6.241797], [-67.727148, 6.284961], [-67.85918, 6.289893], [-67.938867, 6.241943], [-68.143066, 6.19751], [-68.471777, 6.156543], [-68.736475, 6.156787], [-68.937207, 6.198193], [-69.089941, 6.184375], [-69.194531, 6.115332], [-69.268164, 6.099707], [-69.31084, 6.137598], [-69.35708, 6.147998], [-69.427148, 6.123975], [-69.439258, 6.134912], [-69.594824, 6.321484], [-69.738965, 6.494385], [-69.904199, 6.700244], [-70.09502, 6.937939], [-70.129199, 6.953613], [-70.188135, 6.952051], [-70.266113, 6.947949], [-70.3875, 6.972607], [-70.470654, 7.007129], [-70.535547, 7.040527], [-70.655078, 7.082764], [-70.737158, 7.090039], [-70.810693, 7.077588], [-71.013281, 6.994434], [-71.128613, 6.986719], [-71.217822, 6.985205], [-71.457129, 7.026367], [-71.620898, 7.03291], [-71.811279, 7.005811], [-71.892676, 6.990332], [-72.006641, 7.032617], [-72.084277, 7.096875], [-72.156689, 7.249707], [-72.207715, 7.370264], [-72.296338, 7.394531], [-72.394629, 7.415088], [-72.442969, 7.454883], [-72.471973, 7.524268], [-72.478955, 7.613232], [-72.468896, 7.757959], [-72.45957, 7.809863], [-72.446045, 7.966113], [-72.391699, 8.047705], [-72.357617, 8.087305], [-72.36416, 8.152783], [-72.390332, 8.287061], [-72.416553, 8.381982], [-72.525732, 8.489697], [-72.66543, 8.627588], [-72.725537, 8.848291], [-72.796387, 9.108984], [-72.8521, 9.135156], [-72.904443, 9.12207], [-72.960156, 9.135156], [-73.009277, 9.239941], [-73.058398, 9.25957], [-73.136719, 9.222803], [-73.193164, 9.194141], [-73.336719, 9.16792], [-73.366211, 9.194141], [-73.356348, 9.226855], [-73.295654, 9.322021], [-73.224268, 9.443604], [-73.14126, 9.554639], [-73.064062, 9.668213], [-73.006543, 9.78916], [-72.967383, 10.029736], [-72.940381, 10.195752], [-72.869336, 10.49126], [-72.73916, 10.727197], [-72.690088, 10.83584], [-72.572266, 10.977148], [-72.518018, 11.053906], [-72.446094, 11.114258], [-72.248486, 11.196436], [-72.012305, 11.601953], [-71.958105, 11.666406], [-71.719482, 11.726855], [-71.536084, 11.774072], [-71.400195, 11.823535], [-71.355566, 11.849756], [-71.319727, 11.861914], [-71.349414, 11.814941], [-71.414551, 11.755176], [-71.488379, 11.71875], [-71.868652, 11.627344], [-71.90752, 11.607959], [-71.956934, 11.569922], [-71.957227, 11.482812], [-71.946973, 11.414453], [-71.835107, 11.190332], [-71.791455, 11.135059], [-71.641602, 11.013525], [-71.675684, 10.996729], [-71.730908, 10.994678], [-71.69043, 10.835498], [-71.598437, 10.726221], [-71.594336, 10.657373], [-71.664844, 10.44375], [-71.793506, 10.315967], [-71.884766, 10.167236], [-71.955713, 10.108057], [-72.112842, 9.815576], [-71.993262, 9.641504], [-71.97627, 9.553223], [-71.873047, 9.427637], [-71.805664, 9.386426], [-71.760742, 9.335742], [-71.781348, 9.25], [-71.740137, 9.133887], [-71.686719, 9.07251], [-71.619531, 9.047949], [-71.536621, 9.048291], [-71.297949, 9.125635], [-71.241406, 9.160449], [-71.205371, 9.222461], [-71.08584, 9.348242], [-71.078418, 9.510791], [-71.052686, 9.705811], [-71.081738, 9.833203], [-71.207227, 10.0146], [-71.262207, 10.143604], [-71.386621, 10.26377], [-71.462793, 10.469238], [-71.494238, 10.533203], [-71.517871, 10.621826], [-71.544629, 10.778711], [-71.461133, 10.835645], [-71.469531, 10.96416], [-71.264355, 10.999512], [-70.820508, 11.208447], [-70.545605, 11.261377], [-70.23252, 11.372998], [-70.159961, 11.428076], [-70.097119, 11.519775], [-70.048535, 11.530322], [-69.885352, 11.444336], [-69.804785, 11.474219], [-69.7729, 11.541309], [-69.817334, 11.67207], [-69.910937, 11.672119], [-70.192578, 11.624609], [-70.220117, 11.680859], [-70.22002, 11.730078], [-70.286523, 11.886035], [-70.245117, 12.003516], [-70.202783, 12.098389], [-70.122021, 12.136621], [-70.003955, 12.177881], [-69.914355, 12.1146], [-69.860107, 12.054199], [-69.830615, 11.995605], [-69.810547, 11.836865], [-69.762402, 11.676025], [-69.711914, 11.564209], [-69.631592, 11.479932], [-69.569824, 11.485449], [-69.525732, 11.499512], [-69.232568, 11.518457], [-69.05459, 11.461035], [-68.827979, 11.431738], [-68.616211, 11.309375], [-68.398633, 11.160986], [-68.343164, 11.052832], [-68.324805, 10.949316], [-68.27207, 10.880029], [-68.324707, 10.80874], [-68.296289, 10.689355], [-68.234082, 10.569141], [-68.139941, 10.492725], [-67.871631, 10.47207], [-67.581348, 10.52373], [-67.133301, 10.57041], [-66.989062, 10.610645], [-66.247217, 10.632227], [-66.105859, 10.574609], [-66.092139, 10.51709], [-66.090479, 10.472949], [-65.851758, 10.257764], [-65.655859, 10.228467], [-65.489355, 10.159424], [-65.317383, 10.122363], [-65.129102, 10.070068], [-65.023291, 10.07666], [-64.944043, 10.09502], [-64.850488, 10.098096], [-64.18833, 10.457812], [-63.833691, 10.448535], [-63.779053, 10.471924], [-63.731885, 10.503418], [-63.862695, 10.558154], [-64.15791, 10.579248], [-64.24751, 10.542578], [-64.298193, 10.635156], [-64.201953, 10.632666], [-63.873437, 10.66377], [-63.496777, 10.643262], [-63.189893, 10.70918], [-63.035498, 10.720117], [-62.946729, 10.70708], [-62.702344, 10.749805], [-62.242285, 10.699561], [-61.879492, 10.741016], [-61.921387, 10.681445], [-62.04043, 10.645361], [-62.23291, 10.633984], [-62.37998, 10.546875], [-62.693555, 10.562988], [-62.913574, 10.531494], [-62.842969, 10.507227], [-62.843018, 10.41792], [-62.812939, 10.399902], [-62.78125, 10.399219], [-62.706299, 10.333057], [-62.68584, 10.289795], [-62.661621, 10.198584], [-62.694678, 10.100098], [-62.740576, 10.056152], [-62.651172, 10.070654], [-62.600488, 10.116943], [-62.60791, 10.163428], [-62.600488, 10.217285], [-62.550342, 10.200439], [-62.515137, 10.176123], [-62.400928, 9.918408], [-62.32041, 9.783057], [-62.299805, 9.788184], [-62.280664, 9.792969], [-62.256738, 9.818896], [-62.221143, 9.882568], [-62.19043, 9.842187], [-62.171973, 9.826709], [-62.153369, 9.821777], [-62.170312, 9.879492], [-62.147461, 9.953418], [-62.155322, 9.979248], [-62.119629, 9.984863], [-62.0771, 9.975049], [-62.016504, 9.954687], [-61.908594, 9.869922], [-61.837256, 9.78208], [-61.831152, 9.733057], [-61.805371, 9.705518], [-61.75874, 9.676514], [-61.735937, 9.631201], [-61.731738, 9.70249], [-61.75918, 9.754443], [-61.765918, 9.813818], [-61.625391, 9.816455], [-61.588867, 9.894531], [-61.512305, 9.84751], [-61.309375, 9.633057], [-61.234424, 9.597607], [-61.013379, 9.556445], [-60.874072, 9.45332], [-60.79248, 9.360742], [-60.840967, 9.263672], [-60.971045, 9.215186], [-61.023145, 9.15459], [-61.053076, 9.095117], [-61.053564, 9.035254], [-61.092969, 8.965771], [-61.098828, 8.941309], [-61.122363, 8.843359], [-61.175879, 8.725391], [-61.247266, 8.600342], [-61.618701, 8.597461], [-61.526904, 8.546143], [-61.442578, 8.508691], [-61.304004, 8.4104], [-61.19375, 8.487598], [-61.035986, 8.493115], [-60.865234, 8.578809], [-60.800977, 8.592139], [-60.481494, 8.547266], [-60.404492, 8.610254], [-60.340234, 8.62876], [-60.16748, 8.616992], [-60.017529, 8.549316]]]]}}, {"type": "Feature", "properties": {"featurecla": "Admin-0 country", "scalerank": 1, "LABELRANK": 2, "SOVEREIGNT": "Peru", "SOV_A3": "PER", "ADM0_DIF": 0, "LEVEL": 2, "TYPE": "Sovereign country", "TLC": "1", "ADMIN": "Peru", "ADM0_A3": "PER", "GEOU_DIF": 0, "GEOUNIT": "Peru", "GU_A3": "PER", "SU_DIF": 0, "SUBUNIT": "Peru", "SU_A3": "PER", "BRK_DIFF": 0, "NAME": "Peru", "NAME_LONG": "Peru", "BRK_A3": "PER", "BRK_NAME": "Peru", "BRK_GROUP": null, "ABBREV": "Peru", "POSTAL": "PE", "FORMAL_EN": "Republic of Peru", "FORMAL_FR": null, "NAME_CIAWF": "Peru", "NOTE_ADM0": null, "NOTE_BRK": null, "NAME_SORT": "Peru", "NAME_ALT": null, "MAPCOLOR7": 4, "MAPCOLOR8": 4, "MAPCOLOR9": 4, "MAPCOLOR13": 11, "POP_EST": 32510453, "POP_RANK": 15, "POP_YEAR": 2019, "GDP_MD": 226848, "GDP_YEAR": 2019, "ECONOMY": "5. Emerging region: G20", "INCOME_GRP": "3. Upper middle income", "FIPS_10": "PE", "ISO_A2": "PE", "ISO_A2_EH": "PE", "ISO_A3": "PER", "ISO_A3_EH": "PER", "ISO_N3": "604", "ISO_N3_EH": "604", "UN_A3": "604", "WB_A2": "PE", "WB_A3": "PER", "WOE_ID": 23424919, "WOE_ID_EH": 23424919, "WOE_NOTE": "Exact WOE match as country", "ADM0_ISO": "PER", "ADM0_DIFF": null, "ADM0_TLC": "PER", "ADM0_A3_US": "PER", "ADM0_A3_FR": "PER", "ADM0_A3_RU": "PER", "ADM0_A3_ES": "PER", "ADM0_A3_CN": "PER", "ADM0_A3_TW": "PER", "ADM0_A3_IN": "PER", "ADM0_A3_NP": "PER", "ADM0_A3_PK": "PER", "ADM0_A3_DE": "PER", "ADM0_A3_GB": "PER", "ADM0_A3_BR": "PER", "ADM0_A3_IL": "PER", "ADM0_A3_PS": "PER", "ADM0_A3_SA": "PER", "ADM0_A3_EG": "PER", "ADM0_A3_MA": "PER", "ADM0_A3_PT": "PER", "ADM0_A3_AR": "PER", "ADM0_A3_JP": "PER", "ADM0_A3_KO": "PER", "ADM0_A3_VN": "PER", "ADM0_A3_TR": "PER", "ADM0_A3_ID": "PER", "ADM0_A3_PL": "PER", "ADM0_A3_GR": "PER", "ADM0_A3_IT": "PER", "ADM0_A3_NL": "PER", "ADM0_A3_SE": "PER", "ADM0_A3_BD": "PER", "ADM0_A3_UA": "PER", "ADM0_A3_UN": -99, "ADM0_A3_WB": -99, "CONTINENT": "South America", "REGION_UN": "Americas", "SUBREGION": "South America", "REGION_WB": "Latin America & Caribbean", "NAME_LEN": 4, "LONG_LEN": 4, "ABBREV_LEN": 4, "TINY": -99, "HOMEPART": 1, "MIN_ZOOM": 0, "MIN_LABEL": 2, "MAX_LABEL": 7, "LABEL_X": -72.90016, "LABEL_Y": -12.976679, "NE_ID": 1159321163, "WIKIDATAID": "Q419", "NAME_AR": "\u0628\u064a\u0631\u0648", "NAME_BN": "\u09aa\u09c7\u09b0\u09c1", "NAME_DE": "Peru", "NAME_EN": "Peru", "NAME_ES": "Per\u00fa", "NAME_FA": "\u067e\u0631\u0648", "NAME_FR": "P\u00e9rou", "NAME_EL": "\u03a0\u03b5\u03c1\u03bf\u03cd", "NAME_HE": "\u05e4\u05e8\u05d5", "NAME_HI": "\u092a\u0947\u0930\u0942", "NAME_HU": "Peru", "NAME_ID": "Peru", "NAME_IT": "Per\u00f9", "NAME_JA": "\u30da\u30eb\u30fc", "NAME_KO": "\ud398\ub8e8", "NAME_NL": "Peru", "NAME_PL": "Peru", "NAME_PT": "Peru", "NAME_RU": "\u041f\u0435\u0440\u0443", "NAME_SV": "Peru", "NAME_TR": "Peru", "NAME_UK": "\u041f\u0435\u0440\u0443", "NAME_UR": "\u067e\u06cc\u0631\u0648", "NAME_VI": "Peru", "NAME_ZH": "\u79d8\u9c81", "NAME_ZHT": "\u79d8\u9b6f", "FCLASS_ISO": "Admin-0 country", "TLC_DIFF": null, "FCLASS_TLC": "Admin-0 country", "FCLASS_US": null, "FCLASS_FR": null, "FCLASS_RU": null, "FCLASS_ES": null, "FCLASS_CN": null, "FCLASS_TW": null, "FCLASS_IN": null, "FCLASS_NP": null, "FCLASS_PK": null, "FCLASS_DE": null, "FCLASS_GB": null, "FCLASS_BR": null, "FCLASS_IL": null, "FCLASS_PS": null, "FCLASS_SA": null, "FCLASS_EG": null, "FCLASS_MA": null, "FCLASS_PT": null, "FCLASS_AR": null, "FCLASS_JP": null, "FCLASS_KO": null, "FCLASS_VN": null, "FCLASS_TR": null, "FCLASS_ID": null, "FCLASS_PL": null, "FCLASS_GR": null, "FCLASS_IT": null, "FCLASS_NL": null, "FCLASS_SE": null, "FCLASS_BD": null, "FCLASS_UA": null}, "bbox": [-81.336621, -18.345605, -68.685254, -0.041748], "geometry": {"type": "Polygon", "coordinates": [[[-69.965918, -4.235938], [-69.972021, -4.301172], [-70.003955, -4.327246], [-70.05332, -4.333105], [-70.128809, -4.286621], [-70.183984, -4.298145], [-70.23916, -4.301172], [-70.316895, -4.246973], [-70.343652, -4.193652], [-70.404639, -4.150098], [-70.530664, -4.167578], [-70.63457, -4.168652], [-70.721582, -4.158887], [-70.799512, -4.17334], [-70.866016, -4.22959], [-70.915625, -4.295313], [-70.973682, -4.350488], [-71.144238, -4.387207], [-71.23501, -4.388184], [-71.316797, -4.424316], [-71.438281, -4.437598], [-71.521338, -4.469727], [-71.668359, -4.487305], [-71.844727, -4.504395], [-71.943164, -4.55332], [-71.982422, -4.574609], [-72.08252, -4.642285], [-72.256787, -4.748926], [-72.352832, -4.786035], [-72.468994, -4.90127], [-72.60835, -5.00957], [-72.69873, -5.067188], [-72.831934, -5.09375], [-72.887061, -5.122754], [-72.907471, -5.157715], [-72.895801, -5.198242], [-72.918262, -5.302539], [-72.958936, -5.495215], [-72.970215, -5.589648], [-72.979883, -5.634863], [-73.068066, -5.789551], [-73.162891, -5.933398], [-73.209375, -6.028711], [-73.235547, -6.098438], [-73.206494, -6.156445], [-73.167725, -6.260645], [-73.135352, -6.344336], [-73.126318, -6.400879], [-73.137354, -6.46582], [-73.177441, -6.525195], [-73.240332, -6.564063], [-73.325488, -6.574707], [-73.499902, -6.679492], [-73.694531, -6.833789], [-73.758105, -6.905762], [-73.77627, -6.973535], [-73.804639, -7.079883], [-73.793018, -7.135059], [-73.758203, -7.172754], [-73.72334, -7.262793], [-73.72041, -7.309277], [-73.749463, -7.335352], [-73.804639, -7.341211], [-73.854004, -7.349902], [-73.891748, -7.373145], [-73.929443, -7.367285], [-73.964307, -7.378906], [-73.964307, -7.416699], [-73.952686, -7.460254], [-73.958496, -7.506641], [-73.981738, -7.535742], [-74.002051, -7.556055], [-73.981738, -7.585059], [-73.946875, -7.61123], [-73.894629, -7.654785], [-73.82207, -7.738965], [-73.766895, -7.753516], [-73.72041, -7.78252], [-73.7146, -7.829004], [-73.732031, -7.875391], [-73.772705, -7.895703], [-73.775586, -7.936426], [-73.72041, -7.985742], [-73.682666, -8.020605], [-73.644922, -8.072852], [-73.610107, -8.14541], [-73.610107, -8.191895], [-73.572363, -8.249902], [-73.549121, -8.299316], [-73.549121, -8.345801], [-73.488135, -8.392188], [-73.435889, -8.427051], [-73.398145, -8.458984], [-73.3604, -8.479297], [-73.351709, -8.51416], [-73.356738, -8.566992], [-73.302441, -8.654004], [-73.203125, -8.719336], [-73.122559, -8.814063], [-73.070508, -8.882812], [-72.974023, -8.993164], [-72.970361, -9.120117], [-73.089844, -9.265723], [-73.209424, -9.411426], [-73.01377, -9.407422], [-72.814258, -9.410352], [-72.605469, -9.452051], [-72.464746, -9.492188], [-72.379053, -9.510156], [-72.318066, -9.556641], [-72.289014, -9.629199], [-72.26582, -9.688477], [-72.259961, -9.774316], [-72.172852, -9.844043], [-72.179102, -9.910156], [-72.181592, -10.003711], [-72.142969, -10.005176], [-71.887451, -10.005566], [-71.608008, -10.006055], [-71.339404, -9.988574], [-71.237939, -9.966016], [-71.115283, -9.852441], [-71.041748, -9.81875], [-70.970752, -9.765723], [-70.884521, -9.669043], [-70.81626, -9.625293], [-70.758496, -9.57168], [-70.672461, -9.517969], [-70.636914, -9.478223], [-70.60791, -9.463672], [-70.541113, -9.4375], [-70.570166, -9.489844], [-70.592236, -9.543457], [-70.59917, -9.620508], [-70.567236, -9.70459], [-70.593799, -9.76748], [-70.636914, -9.82373], [-70.637598, -9.971777], [-70.638525, -10.181543], [-70.639355, -10.361328], [-70.640332, -10.586035], [-70.641553, -10.84082], [-70.642334, -11.010254], [-70.596533, -10.976855], [-70.533252, -10.946875], [-70.450879, -11.024805], [-70.392285, -11.058594], [-70.341992, -11.066699], [-70.290381, -11.064258], [-70.220068, -11.047656], [-70.066309, -10.982422], [-69.960352, -10.929883], [-69.839795, -10.933398], [-69.674023, -10.954102], [-69.578613, -10.951758], [-69.453613, -11.16875], [-69.362012, -11.327539], [-69.257715, -11.508594], [-69.17373, -11.654297], [-69.046191, -11.875684], [-68.936035, -12.066797], [-68.818701, -12.27041], [-68.685254, -12.501953], [-68.728125, -12.560742], [-68.762891, -12.607715], [-68.759082, -12.687207], [-68.811816, -12.72959], [-68.867676, -12.755176], [-68.93374, -12.82207], [-68.978613, -12.880078], [-68.980518, -12.962598], [-68.972266, -13.382324], [-68.983447, -13.496387], [-69.017529, -13.594434], [-69.052832, -13.643945], [-69.074121, -13.682813], [-69.023047, -13.780273], [-68.974268, -13.975977], [-68.937451, -14.014648], [-68.891699, -14.094336], [-68.870898, -14.169727], [-68.880322, -14.198828], [-68.971777, -14.234375], [-69.004492, -14.265039], [-69.013135, -14.377246], [-69.052783, -14.417578], [-69.119727, -14.470313], [-69.162695, -14.530957], [-69.199268, -14.572559], [-69.234912, -14.59707], [-69.252344, -14.671094], [-69.276025, -14.745898], [-69.359473, -14.795313], [-69.37373, -14.8875], [-69.374707, -14.962988], [-69.330713, -15.038965], [-69.187109, -15.19873], [-69.172461, -15.236621], [-69.254297, -15.33291], [-69.301904, -15.399414], [-69.418506, -15.603418], [-69.420898, -15.640625], [-69.391895, -15.736914], [-69.217578, -16.149121], [-69.187988, -16.182813], [-69.13418, -16.221973], [-69.04624, -16.217676], [-68.913477, -16.261914], [-68.848828, -16.312793], [-68.842773, -16.337891], [-68.857812, -16.354785], [-68.928027, -16.389063], [-69.00625, -16.433691], [-69.03291, -16.475977], [-69.038379, -16.542676], [-69.020703, -16.642188], [-69.054541, -16.674316], [-69.13252, -16.713086], [-69.199805, -16.768457], [-69.267236, -16.860938], [-69.381543, -17.001367], [-69.421094, -17.040039], [-69.43833, -17.088379], [-69.50332, -17.104785], [-69.624854, -17.200195], [-69.645703, -17.248535], [-69.625879, -17.294434], [-69.563818, -17.33291], [-69.521924, -17.388965], [-69.510986, -17.460352], [-69.511084, -17.504883], [-69.510937, -17.506055], [-69.586426, -17.573242], [-69.684766, -17.649805], [-69.806104, -17.664941], [-69.8521, -17.703809], [-69.841504, -17.785156], [-69.802441, -17.9], [-69.802588, -17.990234], [-69.839697, -18.093457], [-69.926367, -18.206055], [-70.059082, -18.283496], [-70.183789, -18.325195], [-70.282275, -18.325391], [-70.37749, -18.333594], [-70.418262, -18.345605], [-70.491602, -18.277734], [-70.81748, -18.052539], [-70.941699, -17.932031], [-71.056592, -17.875684], [-71.336963, -17.68252], [-71.364941, -17.620508], [-71.399414, -17.421973], [-71.435889, -17.366016], [-71.532227, -17.294336], [-71.774463, -17.198828], [-71.868359, -17.151074], [-71.966895, -17.064063], [-72.111279, -17.002539], [-72.268604, -16.876172], [-72.3625, -16.775], [-72.467676, -16.708105], [-72.793945, -16.614551], [-72.957715, -16.520898], [-73.26377, -16.388574], [-73.400049, -16.304297], [-73.727686, -16.20166], [-73.824951, -16.152832], [-74.14707, -15.9125], [-74.3729, -15.833984], [-74.554883, -15.699023], [-75.104248, -15.411914], [-75.190527, -15.320117], [-75.274561, -15.178125], [-75.396582, -15.093555], [-75.533643, -14.899219], [-75.737695, -14.784961], [-75.933887, -14.633594], [-76.006299, -14.495801], [-76.136475, -14.320312], [-76.175146, -14.22666], [-76.289014, -14.133105], [-76.297021, -13.948438], [-76.376465, -13.863086], [-76.319482, -13.821484], [-76.259229, -13.802832], [-76.183936, -13.515234], [-76.223633, -13.371191], [-76.427344, -13.109961], [-76.502148, -12.984375], [-76.555225, -12.823438], [-76.637109, -12.728027], [-76.758008, -12.527148], [-76.832129, -12.34873], [-76.994092, -12.219238], [-77.038135, -12.172754], [-77.062695, -12.106836], [-77.152734, -12.060352], [-77.157617, -11.923438], [-77.220312, -11.663379], [-77.309912, -11.532422], [-77.633203, -11.287793], [-77.638574, -11.193555], [-77.664307, -11.02207], [-77.736084, -10.836719], [-78.095459, -10.260645], [-78.185596, -10.089063], [-78.275586, -9.810352], [-78.356494, -9.652051], [-78.445654, -9.370605], [-78.580127, -9.156641], [-78.6646, -8.971094], [-78.75459, -8.74043], [-78.762256, -8.616992], [-78.925391, -8.40459], [-79.012256, -8.210156], [-79.164404, -8.047168], [-79.312842, -7.923242], [-79.377246, -7.835547], [-79.588867, -7.418945], [-79.617725, -7.295605], [-79.761963, -7.066504], [-79.904687, -6.90166], [-79.994971, -6.768945], [-80.110254, -6.649609], [-80.811621, -6.282227], [-81.058447, -6.129395], [-81.142041, -6.056738], [-81.180518, -5.942383], [-81.164307, -5.875293], [-81.091846, -5.812402], [-80.99165, -5.860938], [-80.930664, -5.84082], [-80.882715, -5.758984], [-80.881934, -5.635059], [-80.943115, -5.475391], [-81.167676, -5.16709], [-81.150732, -5.101855], [-81.108496, -5.027832], [-81.195068, -4.879492], [-81.289404, -4.760742], [-81.336621, -4.669531], [-81.283203, -4.322266], [-81.232031, -4.234277], [-80.891943, -3.881641], [-80.798584, -3.731055], [-80.652734, -3.638184], [-80.503662, -3.496094], [-80.324658, -3.387891], [-80.29834, -3.406445], [-80.273535, -3.424609], [-80.271875, -3.461035], [-80.265234, -3.49248], [-80.24541, -3.522168], [-80.24375, -3.576758], [-80.220605, -3.613184], [-80.218945, -3.654492], [-80.217285, -3.710742], [-80.228857, -3.738867], [-80.217578, -3.787695], [-80.179248, -3.877734], [-80.194141, -3.905859], [-80.230518, -3.924023], [-80.266895, -3.948828], [-80.303271, -4.005078], [-80.357861, -4.003418], [-80.437207, -3.978613], [-80.490137, -4.010059], [-80.51001, -4.069531], [-80.493457, -4.119141], [-80.488477, -4.165527], [-80.45376, -4.205176], [-80.352881, -4.208496], [-80.443848, -4.33584], [-80.488477, -4.393652], [-80.478564, -4.430078], [-80.42417, -4.461426], [-80.383496, -4.463672], [-80.293359, -4.416797], [-80.232178, -4.349023], [-80.197461, -4.311035], [-80.139551, -4.296094], [-80.063525, -4.327539], [-79.962891, -4.390332], [-79.845117, -4.445898], [-79.797266, -4.476367], [-79.710986, -4.467578], [-79.638525, -4.454883], [-79.577686, -4.500586], [-79.516162, -4.53916], [-79.501904, -4.670605], [-79.455762, -4.766211], [-79.399414, -4.840039], [-79.330957, -4.927832], [-79.268115, -4.957617], [-79.18667, -4.958203], [-79.07627, -4.990625], [-79.033301, -4.969141], [-78.995264, -4.908008], [-78.975391, -4.873242], [-78.919189, -4.858398], [-78.914209, -4.818652], [-78.925781, -4.770703], [-78.907617, -4.714453], [-78.861523, -4.665039], [-78.743066, -4.592676], [-78.686035, -4.562402], [-78.674463, -4.517676], [-78.65293, -4.458203], [-78.66123, -4.425098], [-78.685156, -4.383984], [-78.679395, -4.325879], [-78.647998, -4.248145], [-78.603369, -4.157324], [-78.565137, -4.041602], [-78.550439, -3.986914], [-78.509082, -3.952148], [-78.493457, -3.902051], [-78.471045, -3.843066], [-78.419775, -3.776855], [-78.421436, -3.705762], [-78.399951, -3.674316], [-78.398047, -3.594824], [-78.347266, -3.43125], [-78.345361, -3.397363], [-78.323047, -3.388281], [-78.28418, -3.399023], [-78.250732, -3.436133], [-78.240381, -3.472559], [-78.226318, -3.48916], [-78.194873, -3.48584], [-78.158496, -3.465137], [-78.160986, -3.432129], [-78.187451, -3.399805], [-78.194629, -3.380469], [-78.183301, -3.350195], [-78.128223, -3.283887], [-78.06792, -3.206836], [-77.938477, -3.046973], [-77.860596, -2.981641], [-77.658984, -2.912402], [-77.506494, -2.859961], [-77.360059, -2.809668], [-77.161475, -2.737695], [-76.880762, -2.635938], [-76.679102, -2.562598], [-76.499365, -2.432324], [-76.360156, -2.331348], [-76.240918, -2.243945], [-76.089795, -2.133105], [-75.885449, -1.893457], [-75.744531, -1.728125], [-75.64165, -1.607324], [-75.570557, -1.53125], [-75.513867, -1.316309], [-75.44917, -1.071191], [-75.42041, -0.962207], [-75.408057, -0.924316], [-75.380127, -0.940234], [-75.348193, -0.966797], [-75.30918, -0.968066], [-75.272412, -0.966797], [-75.249609, -0.951855], [-75.283594, -0.707129], [-75.278711, -0.653906], [-75.259375, -0.590137], [-75.263232, -0.555371], [-75.325244, -0.506543], [-75.424707, -0.408887], [-75.465967, -0.321777], [-75.491064, -0.24834], [-75.560596, -0.200098], [-75.632031, -0.157617], [-75.62627, -0.122852], [-75.58374, -0.122852], [-75.475977, -0.157129], [-75.398389, -0.145996], [-75.340479, -0.142188], [-75.284473, -0.106543], [-75.224609, -0.041748], [-75.184082, -0.041748], [-75.138379, -0.050488], [-75.054688, -0.116699], [-75.00498, -0.155859], [-74.945312, -0.188184], [-74.888818, -0.199414], [-74.8375, -0.20332], [-74.801758, -0.200098], [-74.780469, -0.244531], [-74.755371, -0.298633], [-74.69165, -0.335254], [-74.616357, -0.37002], [-74.555078, -0.429883], [-74.513867, -0.470117], [-74.465186, -0.517676], [-74.417871, -0.580664], [-74.374902, -0.691406], [-74.353125, -0.766602], [-74.328613, -0.808398], [-74.334424, -0.850879], [-74.283887, -0.927832], [-74.246387, -0.970605], [-74.180762, -0.997754], [-74.054395, -1.028613], [-73.986816, -1.098145], [-73.926953, -1.125195], [-73.863184, -1.19668], [-73.807178, -1.217969], [-73.735742, -1.21416], [-73.664307, -1.248828], [-73.610254, -1.316406], [-73.575488, -1.401367], [-73.521387, -1.449707], [-73.494336, -1.536621], [-73.525244, -1.638867], [-73.496289, -1.693066], [-73.440283, -1.737402], [-73.349512, -1.783887], [-73.266455, -1.772266], [-73.223975, -1.787695], [-73.196973, -1.830273], [-73.181494, -1.880371], [-73.145215, -2.00332], [-73.126514, -2.081055], [-73.160205, -2.156348], [-73.172656, -2.208398], [-73.154492, -2.278223], [-73.068164, -2.312012], [-72.989648, -2.339746], [-72.941113, -2.394043], [-72.887158, -2.408496], [-72.81123, -2.405469], [-72.71416, -2.392188], [-72.660156, -2.361035], [-72.625342, -2.35166], [-72.586719, -2.365137], [-72.500684, -2.39502], [-72.395605, -2.428906], [-72.300732, -2.409277], [-72.218457, -2.400488], [-72.136816, -2.380664], [-72.053809, -2.324609], [-71.984277, -2.326563], [-71.932471, -2.288672], [-71.867285, -2.227734], [-71.802734, -2.166309], [-71.752539, -2.152734], [-71.671484, -2.182129], [-71.559473, -2.224219], [-71.496094, -2.279199], [-71.447461, -2.29375], [-71.396973, -2.334082], [-71.300098, -2.334863], [-71.196387, -2.313086], [-71.113379, -2.24541], [-71.027295, -2.225781], [-70.968555, -2.206836], [-70.914551, -2.218555], [-70.705371, -2.341992], [-70.647998, -2.405762], [-70.575879, -2.418262], [-70.516797, -2.453125], [-70.418213, -2.490723], [-70.36416, -2.529297], [-70.294629, -2.552539], [-70.244434, -2.606543], [-70.164746, -2.639844], [-70.09585, -2.658203], [-70.064746, -2.70166], [-70.064453, -2.730762], [-70.074023, -2.750195], [-70.14707, -2.864063], [-70.290137, -3.087305], [-70.418994, -3.288281], [-70.62168, -3.60459], [-70.735107, -3.781543], [-70.706201, -3.788965], [-70.529687, -3.866406], [-70.48584, -3.869336], [-70.421094, -3.849609], [-70.379199, -3.81875], [-70.339502, -3.814355], [-70.298437, -3.844238], [-70.240283, -3.882715], [-70.198389, -3.995117], [-70.167529, -4.050195], [-70.094775, -4.092188], [-70.017187, -4.162012], [-69.965918, -4.235938]]]}}, {"type": "Feature", "properties": {"featurecla": "Admin-0 country", "scalerank": 1, "LABELRANK": 4, "SOVEREIGNT": "Panama", "SOV_A3": "PAN", "ADM0_DIF": 0, "LEVEL": 2, "TYPE": "Sovereign country", "TLC": "1", "ADMIN": "Panama", "ADM0_A3": "PAN", "GEOU_DIF": 0, "GEOUNIT": "Panama", "GU_A3": "PAN", "SU_DIF": 0, "SUBUNIT": "Panama", "SU_A3": "PAN", "BRK_DIFF": 0, "NAME": "Panama", "NAME_LONG": "Panama", "BRK_A3": "PAN", "BRK_NAME": "Panama", "BRK_GROUP": null, "ABBREV": "Pan.", "POSTAL": "PA", "FORMAL_EN": "Republic of Panama", "FORMAL_FR": null, "NAME_CIAWF": "Panama", "NOTE_ADM0": null, "NOTE_BRK": null, "NAME_SORT": "Panama", "NAME_ALT": null, "MAPCOLOR7": 4, "MAPCOLOR8": 4, "MAPCOLOR9": 6, "MAPCOLOR13": 3, "POP_EST": 4246439, "POP_RANK": 12, "POP_YEAR": 2019, "GDP_MD": 66800, "GDP_YEAR": 2019, "ECONOMY": "6. Developing region", "INCOME_GRP": "3. Upper middle income", "FIPS_10": "PM", "ISO_A2": "PA", "ISO_A2_EH": "PA", "ISO_A3": "PAN", "ISO_A3_EH": "PAN", "ISO_N3": "591", "ISO_N3_EH": "591", "UN_A3": "591", "WB_A2": "PA", "WB_A3": "PAN", "WOE_ID": 23424924, "WOE_ID_EH": 23424924, "WOE_NOTE": "Exact WOE match as country", "ADM0_ISO": "PAN", "ADM0_DIFF": null, "ADM0_TLC": "PAN", "ADM0_A3_US": "PAN", "ADM0_A3_FR": "PAN", "ADM0_A3_RU": "PAN", "ADM0_A3_ES": "PAN", "ADM0_A3_CN": "PAN", "ADM0_A3_TW": "PAN", "ADM0_A3_IN": "PAN", "ADM0_A3_NP": "PAN", "ADM0_A3_PK": "PAN", "ADM0_A3_DE": "PAN", "ADM0_A3_GB": "PAN", "ADM0_A3_BR": "PAN", "ADM0_A3_IL": "PAN", "ADM0_A3_PS": "PAN", "ADM0_A3_SA": "PAN", "ADM0_A3_EG": "PAN", "ADM0_A3_MA": "PAN", "ADM0_A3_PT": "PAN", "ADM0_A3_AR": "PAN", "ADM0_A3_JP": "PAN", "ADM0_A3_KO": "PAN", "ADM0_A3_VN": "PAN", "ADM0_A3_TR": "PAN", "ADM0_A3_ID": "PAN", "ADM0_A3_PL": "PAN", "ADM0_A3_GR": "PAN", "ADM0_A3_IT": "PAN", "ADM0_A3_NL": "PAN", "ADM0_A3_SE": "PAN", "ADM0_A3_BD": "PAN", "ADM0_A3_UA": "PAN", "ADM0_A3_UN": -99, "ADM0_A3_WB": -99, "CONTINENT": "North America", "REGION_UN": "Americas", "SUBREGION": "Central America", "REGION_WB": "Latin America & Caribbean", "NAME_LEN": 6, "LONG_LEN": 6, "ABBREV_LEN": 4, "TINY": -99, "HOMEPART": 1, "MIN_ZOOM": 0, "MIN_LABEL": 4, "MAX_LABEL": 9, "LABEL_X": -80.352106, "LABEL_Y": 8.72198, "NE_ID": 1159321161, "WIKIDATAID": "Q804", "NAME_AR": "\u0628\u0646\u0645\u0627", "NAME_BN": "\u09aa\u09be\u09a8\u09be\u09ae\u09be", "NAME_DE": "Panama", "NAME_EN": "Panama", "NAME_ES": "Panam\u00e1", "NAME_FA": "\u067e\u0627\u0646\u0627\u0645\u0627", "NAME_FR": "Panama", "NAME_EL": "\u03a0\u03b1\u03bd\u03b1\u03bc\u03ac\u03c2", "NAME_HE": "\u05e4\u05e0\u05de\u05d4", "NAME_HI": "\u092a\u0928\u093e\u092e\u093e", "NAME_HU": "Panama", "NAME_ID": "Panama", "NAME_IT": "Panama", "NAME_JA": "\u30d1\u30ca\u30de", "NAME_KO": "\ud30c\ub098\ub9c8", "NAME_NL": "Panama", "NAME_PL": "Panama", "NAME_PT": "Panam\u00e1", "NAME_RU": "\u041f\u0430\u043d\u0430\u043c\u0430", "NAME_SV": "Panama", "NAME_TR": "Panama", "NAME_UK": "\u041f\u0430\u043d\u0430\u043c\u0430", "NAME_UR": "\u067e\u0627\u0646\u0627\u0645\u0627", "NAME_VI": "Panama", "NAME_ZH": "\u5df4\u62ff\u9a6c", "NAME_ZHT": "\u5df4\u62ff\u99ac", "FCLASS_ISO": "Admin-0 country", "TLC_DIFF": null, "FCLASS_TLC": "Admin-0 country", "FCLASS_US": null, "FCLASS_FR": null, "FCLASS_RU": null, "FCLASS_ES": null, "FCLASS_CN": null, "FCLASS_TW": null, "FCLASS_IN": null, "FCLASS_NP": null, "FCLASS_PK": null, "FCLASS_DE": null, "FCLASS_GB": null, "FCLASS_BR": null, "FCLASS_IL": null, "FCLASS_PS": null, "FCLASS_SA": null, "FCLASS_EG": null, "FCLASS_MA": null, "FCLASS_PT": null, "FCLASS_AR": null, "FCLASS_JP": null, "FCLASS_KO": null, "FCLASS_VN": null, "FCLASS_TR": null, "FCLASS_ID": null, "FCLASS_PL": null, "FCLASS_GR": null, "FCLASS_IT": null, "FCLASS_NL": null, "FCLASS_SE": null, "FCLASS_BD": null, "FCLASS_UA": null}, "bbox": [-83.027344, 7.220068, -77.195996, 9.597852], "geometry": {"type": "MultiPolygon", "coordinates": [[[[-77.374219, 8.658301], [-77.393066, 8.644678], [-77.44834, 8.565869], [-77.478516, 8.498437], [-77.407275, 8.427246], [-77.385889, 8.35166], [-77.345508, 8.269531], [-77.282617, 8.187061], [-77.212305, 8.033887], [-77.195996, 7.972461], [-77.215967, 7.93252], [-77.282959, 7.908154], [-77.345605, 7.836523], [-77.362744, 7.749072], [-77.350781, 7.705859], [-77.538281, 7.56626], [-77.586572, 7.543066], [-77.618604, 7.564551], [-77.658594, 7.634619], [-77.706348, 7.691211], [-77.732031, 7.710938], [-77.746924, 7.711865], [-77.761914, 7.698828], [-77.76875, 7.668066], [-77.743896, 7.536963], [-77.764697, 7.483691], [-77.82832, 7.442822], [-77.901172, 7.229346], [-77.929785, 7.256348], [-78.170117, 7.543799], [-78.378223, 7.899902], [-78.421582, 8.060986], [-78.367627, 8.070557], [-78.31543, 8.066943], [-78.287354, 8.091797], [-78.254883, 8.138623], [-78.281201, 8.247559], [-78.180029, 8.330273], [-78.141895, 8.386084], [-78.113867, 8.37959], [-78.047754, 8.284766], [-77.95166, 8.230273], [-77.833643, 8.151172], [-77.760547, 8.133252], [-77.85293, 8.216211], [-78.0125, 8.325391], [-78.057178, 8.397119], [-78.099463, 8.496973], [-78.161816, 8.453711], [-78.190771, 8.417334], [-78.223047, 8.396631], [-78.251123, 8.421436], [-78.256104, 8.453711], [-78.350146, 8.46001], [-78.374316, 8.489258], [-78.399219, 8.505664], [-78.387891, 8.443408], [-78.369385, 8.404932], [-78.379297, 8.358594], [-78.409863, 8.355322], [-78.436035, 8.40332], [-78.469434, 8.44668], [-78.514062, 8.628174], [-78.620898, 8.713721], [-78.669824, 8.742188], [-78.710205, 8.75293], [-78.769678, 8.811084], [-78.848242, 8.842187], [-78.955176, 8.93252], [-79.086377, 8.997168], [-79.24668, 9.020068], [-79.441504, 9.006006], [-79.50708, 8.970068], [-79.55166, 8.924463], [-79.572363, 8.903271], [-79.687451, 8.850977], [-79.731055, 8.775342], [-79.758545, 8.711572], [-79.815918, 8.639209], [-79.750439, 8.595508], [-80.125781, 8.349658], [-80.200098, 8.313965], [-80.368701, 8.28877], [-80.407568, 8.262451], [-80.458984, 8.213867], [-80.465869, 8.139941], [-80.458105, 8.077051], [-80.409131, 8.028564], [-80.365576, 7.997998], [-80.260937, 7.85166], [-80.075195, 7.667041], [-80.040039, 7.599805], [-80.01123, 7.500049], [-80.067285, 7.453223], [-80.110596, 7.433447], [-80.287305, 7.425635], [-80.348242, 7.385693], [-80.372949, 7.324658], [-80.438867, 7.274951], [-80.666699, 7.225684], [-80.845557, 7.220068], [-80.901221, 7.277148], [-80.914648, 7.4375], [-81.035107, 7.711133], [-81.063867, 7.899756], [-81.093945, 7.876318], [-81.157812, 7.854395], [-81.179395, 7.80752], [-81.195459, 7.668408], [-81.219043, 7.620947], [-81.268408, 7.625488], [-81.36958, 7.675293], [-81.50415, 7.721191], [-81.675684, 8.015918], [-81.694287, 8.071387], [-81.727637, 8.137549], [-81.860254, 8.16543], [-81.973291, 8.215088], [-82.096729, 8.222754], [-82.159863, 8.194824], [-82.224316, 8.230371], [-82.235449, 8.311035], [-82.364844, 8.274854], [-82.530957, 8.287402], [-82.679541, 8.321973], [-82.781152, 8.303516], [-82.866113, 8.246338], [-82.854346, 8.099512], [-82.879346, 8.070654], [-82.883301, 8.130566], [-82.912891, 8.199609], [-82.948437, 8.256836], [-83.023389, 8.316016], [-83.027344, 8.337744], [-82.997559, 8.367773], [-82.861621, 8.453516], [-82.844775, 8.489355], [-82.842627, 8.563965], [-82.855713, 8.635303], [-82.917041, 8.740332], [-82.881982, 8.805322], [-82.811914, 8.857422], [-82.73999, 8.898584], [-82.727832, 8.916064], [-82.741162, 8.951709], [-82.783057, 8.990283], [-82.881348, 9.055859], [-82.940332, 9.060107], [-82.942822, 9.248877], [-82.939844, 9.44917], [-82.925049, 9.469043], [-82.888965, 9.481006], [-82.860156, 9.511475], [-82.843994, 9.570801], [-82.801025, 9.591797], [-82.723389, 9.546094], [-82.644092, 9.505859], [-82.611279, 9.519238], [-82.586523, 9.538818], [-82.569238, 9.558203], [-82.563574, 9.57666], [-82.500342, 9.523242], [-82.370801, 9.428564], [-82.363184, 9.381934], [-82.375391, 9.337256], [-82.339746, 9.20918], [-82.272461, 9.190625], [-82.204883, 9.21543], [-82.188135, 9.191748], [-82.200684, 9.168115], [-82.235449, 9.14165], [-82.244189, 9.031494], [-82.133301, 8.980078], [-82.077881, 8.934863], [-81.894141, 8.956104], [-81.826416, 8.944092], [-81.780225, 8.957227], [-81.831494, 9.045605], [-81.900146, 9.111035], [-81.894482, 9.14043], [-81.842383, 9.118701], [-81.802588, 9.074121], [-81.712207, 9.018945], [-81.545605, 8.827002], [-81.354785, 8.780566], [-81.20376, 8.786719], [-81.063086, 8.812646], [-80.838672, 8.887207], [-80.676465, 9.021875], [-80.546875, 9.081934], [-80.1271, 9.209912], [-79.977979, 9.343701], [-79.915088, 9.361328], [-79.855078, 9.378076], [-79.723096, 9.479297], [-79.652246, 9.558203], [-79.577295, 9.597852], [-79.355469, 9.569238], [-79.211621, 9.531934], [-79.112256, 9.536768], [-79.016699, 9.510449], [-78.975, 9.452979], [-78.931641, 9.428467], [-78.696924, 9.434766], [-78.504346, 9.406299], [-78.082764, 9.236279], [-77.830811, 9.068115], [-77.697217, 8.889453], [-77.374219, 8.658301]]], [[[-78.89834, 8.274268], [-78.918115, 8.231934], [-78.964941, 8.32627], [-78.957422, 8.350586], [-78.960596, 8.43584], [-78.916016, 8.458252], [-78.883252, 8.460254], [-78.856152, 8.448242], [-78.83916, 8.3479], [-78.853223, 8.302441], [-78.89834, 8.274268]]], [[[-81.603271, 7.332812], [-81.658105, 7.327539], [-81.770117, 7.370361], [-81.852051, 7.45332], [-81.858594, 7.480176], [-81.856934, 7.507666], [-81.812158, 7.592383], [-81.752295, 7.621631], [-81.72876, 7.621191], [-81.671436, 7.523438], [-81.710449, 7.485547], [-81.694727, 7.425], [-81.613428, 7.380176], [-81.603271, 7.332812]]], [[[-82.233496, 9.380713], [-82.244434, 9.334082], [-82.321729, 9.418115], [-82.275781, 9.431885], [-82.259424, 9.430273], [-82.233496, 9.380713]]], [[[-79.06543, 8.254199], [-79.110352, 8.209814], [-79.127539, 8.251855], [-79.096289, 8.29541], [-79.085303, 8.295801], [-79.06543, 8.254199]]]]}}, {"type": "Feature", "properties": {"featurecla": "Admin-0 country", "scalerank": 1, "LABELRANK": 3, "SOVEREIGNT": "Ecuador", "SOV_A3": "ECU", "ADM0_DIF": 0, "LEVEL": 2, "TYPE": "Sovereign country", "TLC": "1", "ADMIN": "Ecuador", "ADM0_A3": "ECU", "GEOU_DIF": 0, "GEOUNIT": "Ecuador", "GU_A3": "ECU", "SU_DIF": 0, "SUBUNIT": "Ecuador", "SU_A3": "ECU", "BRK_DIFF": 0, "NAME": "Ecuador", "NAME_LONG": "Ecuador", "BRK_A3": "ECU", "BRK_NAME": "Ecuador", "BRK_GROUP": null, "ABBREV": "Ecu.", "POSTAL": "EC", "FORMAL_EN": "Republic of Ecuador", "FORMAL_FR": null, "NAME_CIAWF": "Ecuador", "NOTE_ADM0": null, "NOTE_BRK": null, "NAME_SORT": "Ecuador", "NAME_ALT": null, "MAPCOLOR7": 1, "MAPCOLOR8": 5, "MAPCOLOR9": 2, "MAPCOLOR13": 12, "POP_EST": 17373662, "POP_RANK": 14, "POP_YEAR": 2019, "GDP_MD": 107435, "GDP_YEAR": 2019, "ECONOMY": "6. Developing region", "INCOME_GRP": "3. Upper middle income", "FIPS_10": "EC", "ISO_A2": "EC", "ISO_A2_EH": "EC", "ISO_A3": "ECU", "ISO_A3_EH": "ECU", "ISO_N3": "218", "ISO_N3_EH": "218", "UN_A3": "218", "WB_A2": "EC", "WB_A3": "ECU", "WOE_ID": 23424801, "WOE_ID_EH": 23424801, "WOE_NOTE": "Exact WOE match as country", "ADM0_ISO": "ECU", "ADM0_DIFF": null, "ADM0_TLC": "ECU", "ADM0_A3_US": "ECU", "ADM0_A3_FR": "ECU", "ADM0_A3_RU": "ECU", "ADM0_A3_ES": "ECU", "ADM0_A3_CN": "ECU", "ADM0_A3_TW": "ECU", "ADM0_A3_IN": "ECU", "ADM0_A3_NP": "ECU", "ADM0_A3_PK": "ECU", "ADM0_A3_DE": "ECU", "ADM0_A3_GB": "ECU", "ADM0_A3_BR": "ECU", "ADM0_A3_IL": "ECU", "ADM0_A3_PS": "ECU", "ADM0_A3_SA": "ECU", "ADM0_A3_EG": "ECU", "ADM0_A3_MA": "ECU", "ADM0_A3_PT": "ECU", "ADM0_A3_AR": "ECU", "ADM0_A3_JP": "ECU", "ADM0_A3_KO": "ECU", "ADM0_A3_VN": "ECU", "ADM0_A3_TR": "ECU", "ADM0_A3_ID": "ECU", "ADM0_A3_PL": "ECU", "ADM0_A3_GR": "ECU", "ADM0_A3_IT": "ECU", "ADM0_A3_NL": "ECU", "ADM0_A3_SE": "ECU", "ADM0_A3_BD": "ECU", "ADM0_A3_UA": "ECU", "ADM0_A3_UN": -99, "ADM0_A3_WB": -99, "CONTINENT": "South America", "REGION_UN": "Americas", "SUBREGION": "South America", "REGION_WB": "Latin America & Caribbean", "NAME_LEN": 7, "LONG_LEN": 7, "ABBREV_LEN": 4, "TINY": -99, "HOMEPART": 1, "MIN_ZOOM": 0, "MIN_LABEL": 3, "MAX_LABEL": 8, "LABEL_X": -78.188375, "LABEL_Y": -1.259076, "NE_ID": 1159320567, "WIKIDATAID": "Q736", "NAME_AR": "\u0627\u0644\u0625\u0643\u0648\u0627\u062f\u0648\u0631", "NAME_BN": "\u0987\u0995\u09c1\u09af\u09bc\u09c7\u09a1\u09b0", "NAME_DE": "Ecuador", "NAME_EN": "Ecuador", "NAME_ES": "Ecuador", "NAME_FA": "\u0627\u06a9\u0648\u0627\u062f\u0648\u0631", "NAME_FR": "\u00c9quateur", "NAME_EL": "\u0395\u03ba\u03bf\u03c5\u03b1\u03b4\u03cc\u03c1", "NAME_HE": "\u05d0\u05e7\u05d5\u05d5\u05d3\u05d5\u05e8", "NAME_HI": "\u0908\u0915\u094d\u0935\u093e\u0921\u094b\u0930", "NAME_HU": "Ecuador", "NAME_ID": "Ekuador", "NAME_IT": "Ecuador", "NAME_JA": "\u30a8\u30af\u30a2\u30c9\u30eb", "NAME_KO": "\uc5d0\ucf70\ub3c4\ub974", "NAME_NL": "Ecuador", "NAME_PL": "Ekwador", "NAME_PT": "Equador", "NAME_RU": "\u042d\u043a\u0432\u0430\u0434\u043e\u0440", "NAME_SV": "Ecuador", "NAME_TR": "Ekvador", "NAME_UK": "\u0415\u043a\u0432\u0430\u0434\u043e\u0440", "NAME_UR": "\u0627\u06cc\u06a9\u0648\u0627\u0688\u0648\u0631", "NAME_VI": "Ecuador", "NAME_ZH": "\u5384\u74dc\u591a\u5c14", "NAME_ZHT": "\u5384\u74dc\u591a\u723e", "FCLASS_ISO": "Admin-0 country", "TLC_DIFF": null, "FCLASS_TLC": "Admin-0 country", "FCLASS_US": null, "FCLASS_FR": null, "FCLASS_RU": null, "FCLASS_ES": null, "FCLASS_CN": null, "FCLASS_TW": null, "FCLASS_IN": null, "FCLASS_NP": null, "FCLASS_PK": null, "FCLASS_DE": null, "FCLASS_GB": null, "FCLASS_BR": null, "FCLASS_IL": null, "FCLASS_PS": null, "FCLASS_SA": null, "FCLASS_EG": null, "FCLASS_MA": null, "FCLASS_PT": null, "FCLASS_AR": null, "FCLASS_JP": null, "FCLASS_KO": null, "FCLASS_VN": null, "FCLASS_TR": null, "FCLASS_ID": null, "FCLASS_PL": null, "FCLASS_GR": null, "FCLASS_IT": null, "FCLASS_NL": null, "FCLASS_SE": null, "FCLASS_BD": null, "FCLASS_UA": null}, "bbox": [-91.65415, -4.990625, -75.249609, 1.455371], "geometry": {"type": "MultiPolygon", "coordinates": [[[[-75.284473, -0.106543], [-75.340479, -0.142188], [-75.398389, -0.145996], [-75.475977, -0.157129], [-75.58374, -0.122852], [-75.62627, -0.122852], [-75.632031, -0.157617], [-75.560596, -0.200098], [-75.491064, -0.24834], [-75.465967, -0.321777], [-75.424707, -0.408887], [-75.325244, -0.506543], [-75.263232, -0.555371], [-75.259375, -0.590137], [-75.278711, -0.653906], [-75.283594, -0.707129], [-75.249609, -0.951855], [-75.272412, -0.966797], [-75.30918, -0.968066], [-75.348193, -0.966797], [-75.380127, -0.940234], [-75.408057, -0.924316], [-75.42041, -0.962207], [-75.44917, -1.071191], [-75.513867, -1.316309], [-75.570557, -1.53125], [-75.64165, -1.607324], [-75.744531, -1.728125], [-75.885449, -1.893457], [-76.089795, -2.133105], [-76.240918, -2.243945], [-76.360156, -2.331348], [-76.499365, -2.432324], [-76.679102, -2.562598], [-76.880762, -2.635938], [-77.161475, -2.737695], [-77.360059, -2.809668], [-77.506494, -2.859961], [-77.658984, -2.912402], [-77.860596, -2.981641], [-77.938477, -3.046973], [-78.06792, -3.206836], [-78.128223, -3.283887], [-78.183301, -3.350195], [-78.194629, -3.380469], [-78.187451, -3.399805], [-78.160986, -3.432129], [-78.158496, -3.465137], [-78.194873, -3.48584], [-78.226318, -3.48916], [-78.240381, -3.472559], [-78.250732, -3.436133], [-78.28418, -3.399023], [-78.323047, -3.388281], [-78.345361, -3.397363], [-78.347266, -3.43125], [-78.398047, -3.594824], [-78.399951, -3.674316], [-78.421436, -3.705762], [-78.419775, -3.776855], [-78.471045, -3.843066], [-78.493457, -3.902051], [-78.509082, -3.952148], [-78.550439, -3.986914], [-78.565137, -4.041602], [-78.603369, -4.157324], [-78.647998, -4.248145], [-78.679395, -4.325879], [-78.685156, -4.383984], [-78.66123, -4.425098], [-78.65293, -4.458203], [-78.674463, -4.517676], [-78.686035, -4.562402], [-78.743066, -4.592676], [-78.861523, -4.665039], [-78.907617, -4.714453], [-78.925781, -4.770703], [-78.914209, -4.818652], [-78.919189, -4.858398], [-78.975391, -4.873242], [-78.995264, -4.908008], [-79.033301, -4.969141], [-79.07627, -4.990625], [-79.18667, -4.958203], [-79.268115, -4.957617], [-79.330957, -4.927832], [-79.399414, -4.840039], [-79.455762, -4.766211], [-79.501904, -4.670605], [-79.516162, -4.53916], [-79.577686, -4.500586], [-79.638525, -4.454883], [-79.710986, -4.467578], [-79.797266, -4.476367], [-79.845117, -4.445898], [-79.962891, -4.390332], [-80.063525, -4.327539], [-80.139551, -4.296094], [-80.197461, -4.311035], [-80.232178, -4.349023], [-80.293359, -4.416797], [-80.383496, -4.463672], [-80.42417, -4.461426], [-80.478564, -4.430078], [-80.488477, -4.393652], [-80.443848, -4.33584], [-80.352881, -4.208496], [-80.45376, -4.205176], [-80.488477, -4.165527], [-80.493457, -4.119141], [-80.51001, -4.069531], [-80.490137, -4.010059], [-80.437207, -3.978613], [-80.357861, -4.003418], [-80.303271, -4.005078], [-80.266895, -3.948828], [-80.230518, -3.924023], [-80.194141, -3.905859], [-80.179248, -3.877734], [-80.217578, -3.787695], [-80.228857, -3.738867], [-80.217285, -3.710742], [-80.218945, -3.654492], [-80.220605, -3.613184], [-80.24375, -3.576758], [-80.24541, -3.522168], [-80.265234, -3.49248], [-80.271875, -3.461035], [-80.273535, -3.424609], [-80.29834, -3.406445], [-80.324658, -3.387891], [-80.303125, -3.374805], [-80.159863, -3.324316], [-80.100342, -3.274023], [-80.02666, -3.228125], [-79.96333, -3.157715], [-79.921582, -3.090137], [-79.822705, -2.776953], [-79.729883, -2.579102], [-79.745508, -2.484668], [-79.822412, -2.356543], [-79.839746, -2.167871], [-79.832617, -2.110547], [-79.842139, -2.067383], [-79.893408, -2.145703], [-79.880322, -2.423633], [-79.925586, -2.548535], [-79.989014, -2.578711], [-80.030176, -2.556738], [-80.006641, -2.353809], [-80.053076, -2.390723], [-80.127148, -2.528418], [-80.248633, -2.630566], [-80.255273, -2.664648], [-80.284717, -2.706738], [-80.378564, -2.667969], [-80.450098, -2.625977], [-80.684863, -2.396875], [-80.839062, -2.349023], [-80.932178, -2.269141], [-80.951611, -2.235449], [-80.962793, -2.189258], [-80.867627, -2.141211], [-80.770361, -2.07666], [-80.760596, -1.93457], [-80.763135, -1.822949], [-80.83501, -1.632422], [-80.801416, -1.383398], [-80.82002, -1.28584], [-80.902393, -1.078906], [-80.841406, -0.974707], [-80.623682, -0.89873], [-80.553906, -0.847949], [-80.505078, -0.683789], [-80.455469, -0.585449], [-80.358398, -0.625098], [-80.282373, -0.620508], [-80.384766, -0.583984], [-80.468311, -0.436035], [-80.482275, -0.368262], [-80.321289, -0.16582], [-80.237012, -0.113086], [-80.133398, -0.006055], [-80.046143, 0.155371], [-80.025, 0.410156], [-80.061035, 0.592285], [-80.088281, 0.784766], [-80.035937, 0.83457], [-79.903516, 0.860205], [-79.79585, 0.922266], [-79.741211, 0.979785], [-79.613184, 0.971143], [-79.465381, 1.060059], [-79.229053, 1.10459], [-78.899658, 1.20625], [-78.827051, 1.295947], [-78.859668, 1.455371], [-78.828857, 1.434668], [-78.737109, 1.358691], [-78.681641, 1.283447], [-78.587646, 1.23667], [-78.511523, 1.198828], [-78.312109, 1.046094], [-78.180664, 0.968555], [-78.037012, 0.89873], [-77.829541, 0.825391], [-77.702881, 0.837842], [-77.673193, 0.782227], [-77.648633, 0.723633], [-77.601318, 0.689502], [-77.526123, 0.660352], [-77.481396, 0.651172], [-77.467676, 0.636523], [-77.422754, 0.424854], [-77.396338, 0.393896], [-77.292676, 0.3604], [-77.165723, 0.347754], [-77.114111, 0.355078], [-77.002441, 0.29624], [-76.920117, 0.268506], [-76.829346, 0.247754], [-76.767725, 0.24165], [-76.739307, 0.25083], [-76.729004, 0.272119], [-76.678516, 0.268164], [-76.603027, 0.240967], [-76.494629, 0.235449], [-76.427295, 0.26123], [-76.417969, 0.303906], [-76.413379, 0.378857], [-76.388184, 0.40498], [-76.311035, 0.448486], [-76.270605, 0.439404], [-76.06792, 0.345557], [-76.026172, 0.313086], [-75.974854, 0.247754], [-75.879785, 0.150977], [-75.77666, 0.089258], [-75.617334, 0.062891], [-75.463965, -0.038428], [-75.284473, -0.106543]]], [[[-80.131592, -2.973145], [-80.150684, -3.011719], [-80.245703, -3.008301], [-80.272949, -2.995898], [-80.272168, -2.951758], [-80.249805, -2.811914], [-80.223682, -2.753125], [-80.145703, -2.696289], [-80.080762, -2.668848], [-79.997266, -2.673828], [-79.909033, -2.725586], [-80.013232, -2.819531], [-80.071191, -2.833789], [-80.093408, -2.845898], [-80.131592, -2.973145]]], [[[-78.909229, 1.252783], [-78.965625, 1.245361], [-78.991699, 1.293213], [-78.923242, 1.348926], [-78.899805, 1.359766], [-78.909229, 1.252783]]], [[[-90.334863, -0.771582], [-90.387109, -0.77334], [-90.542139, -0.676465], [-90.531689, -0.581445], [-90.469727, -0.517383], [-90.269385, -0.484668], [-90.185303, -0.544824], [-90.192725, -0.658789], [-90.261084, -0.741992], [-90.31543, -0.757227], [-90.334863, -0.771582]]], [[[-89.418896, -0.911035], [-89.536621, -0.952344], [-89.577295, -0.933789], [-89.602637, -0.913477], [-89.608594, -0.888574], [-89.543457, -0.826855], [-89.479932, -0.793359], [-89.423145, -0.722266], [-89.318408, -0.680078], [-89.287842, -0.689844], [-89.267432, -0.70459], [-89.259375, -0.728418], [-89.294873, -0.785938], [-89.35835, -0.826074], [-89.418896, -0.911035]]], [[[-91.425977, -0.46084], [-91.526367, -0.478223], [-91.610742, -0.443945], [-91.646582, -0.39082], [-91.65415, -0.310938], [-91.64668, -0.284473], [-91.460156, -0.255664], [-91.399365, -0.322461], [-91.399951, -0.420898], [-91.425977, -0.46084]]], [[[-90.423926, -1.339941], [-90.464404, -1.341992], [-90.519531, -1.299121], [-90.477197, -1.220996], [-90.431982, -1.239844], [-90.39873, -1.262305], [-90.37915, -1.292285], [-90.423926, -1.339941]]], [[[-91.272168, 0.025146], [-91.210059, -0.039307], [-91.176221, -0.223047], [-90.975537, -0.416895], [-90.950635, -0.525195], [-90.968457, -0.575586], [-90.958936, -0.595313], [-90.862549, -0.671777], [-90.799658, -0.752051], [-90.905518, -0.940527], [-91.131055, -1.019629], [-91.371533, -1.016992], [-91.419043, -0.99668], [-91.483545, -0.924609], [-91.49541, -0.860938], [-91.458301, -0.799512], [-91.334082, -0.70625], [-91.144678, -0.622852], [-91.120947, -0.559082], [-91.197021, -0.496973], [-91.249512, -0.373633], [-91.369189, -0.287207], [-91.428857, -0.023389], [-91.468701, -0.010303], [-91.55, -0.04668], [-91.590088, -0.014795], [-91.596826, 0.0021], [-91.50918, 0.062256], [-91.491016, 0.105176], [-91.361377, 0.12583], [-91.305762, 0.091406], [-91.272168, 0.025146]]], [[[-90.573926, -0.333984], [-90.620459, -0.364258], [-90.809033, -0.329395], [-90.867773, -0.271387], [-90.820361, -0.192188], [-90.780371, -0.160449], [-90.667529, -0.189844], [-90.55332, -0.278418], [-90.573926, -0.333984]]]]}}, {"type": "Feature", "properties": {"featurecla": "Admin-0 country", "scalerank": 1, "LABELRANK": 2, "SOVEREIGNT": "Colombia", "SOV_A3": "COL", "ADM0_DIF": 0, "LEVEL": 2, "TYPE": "Sovereign country", "TLC": "1", "ADMIN": "Colombia", "ADM0_A3": "COL", "GEOU_DIF": 0, "GEOUNIT": "Colombia", "GU_A3": "COL", "SU_DIF": 0, "SUBUNIT": "Colombia", "SU_A3": "COL", "BRK_DIFF": 0, "NAME": "Colombia", "NAME_LONG": "Colombia", "BRK_A3": "COL", "BRK_NAME": "Colombia", "BRK_GROUP": null, "ABBREV": "Col.", "POSTAL": "CO", "FORMAL_EN": "Republic of Colombia", "FORMAL_FR": null, "NAME_CIAWF": "Colombia", "NOTE_ADM0": null, "NOTE_BRK": null, "NAME_SORT": "Colombia", "NAME_ALT": null, "MAPCOLOR7": 2, "MAPCOLOR8": 1, "MAPCOLOR9": 3, "MAPCOLOR13": 1, "POP_EST": 50339443, "POP_RANK": 16, "POP_YEAR": 2019, "GDP_MD": 323615, "GDP_YEAR": 2019, "ECONOMY": "6. Developing region", "INCOME_GRP": "3. Upper middle income", "FIPS_10": "CO", "ISO_A2": "CO", "ISO_A2_EH": "CO", "ISO_A3": "COL", "ISO_A3_EH": "COL", "ISO_N3": "170", "ISO_N3_EH": "170", "UN_A3": "170", "WB_A2": "CO", "WB_A3": "COL", "WOE_ID": 23424787, "WOE_ID_EH": 23424787, "WOE_NOTE": "Exact WOE match as country", "ADM0_ISO": "COL", "ADM0_DIFF": null, "ADM0_TLC": "COL", "ADM0_A3_US": "COL", "ADM0_A3_FR": "COL", "ADM0_A3_RU": "COL", "ADM0_A3_ES": "COL", "ADM0_A3_CN": "COL", "ADM0_A3_TW": "COL", "ADM0_A3_IN": "COL", "ADM0_A3_NP": "COL", "ADM0_A3_PK": "COL", "ADM0_A3_DE": "COL", "ADM0_A3_GB": "COL", "ADM0_A3_BR": "COL", "ADM0_A3_IL": "COL", "ADM0_A3_PS": "COL", "ADM0_A3_SA": "COL", "ADM0_A3_EG": "COL", "ADM0_A3_MA": "COL", "ADM0_A3_PT": "COL", "ADM0_A3_AR": "COL", "ADM0_A3_JP": "COL", "ADM0_A3_KO": "COL", "ADM0_A3_VN": "COL", "ADM0_A3_TR": "COL", "ADM0_A3_ID": "COL", "ADM0_A3_PL": "COL", "ADM0_A3_GR": "COL", "ADM0_A3_IT": "COL", "ADM0_A3_NL": "COL", "ADM0_A3_SE": "COL", "ADM0_A3_BD": "COL", "ADM0_A3_UA": "COL", "ADM0_A3_UN": -99, "ADM0_A3_WB": -99, "CONTINENT": "South America", "REGION_UN": "Americas", "SUBREGION": "South America", "REGION_WB": "Latin America & Caribbean", "NAME_LEN": 8, "LONG_LEN": 8, "ABBREV_LEN": 4, "TINY": -99, "HOMEPART": 1, "MIN_ZOOM": 0, "MIN_LABEL": 3, "MAX_LABEL": 7, "LABEL_X": -73.174347, "LABEL_Y": 3.373111, "NE_ID": 1159320517, "WIKIDATAID": "Q739", "NAME_AR": "\u0643\u0648\u0644\u0648\u0645\u0628\u064a\u0627", "NAME_BN": "\u0995\u09b2\u09ae\u09cd\u09ac\u09bf\u09af\u09bc\u09be", "NAME_DE": "Kolumbien", "NAME_EN": "Colombia", "NAME_ES": "Colombia", "NAME_FA": "\u06a9\u0644\u0645\u0628\u06cc\u0627", "NAME_FR": "Colombie", "NAME_EL": "\u039a\u03bf\u03bb\u03bf\u03bc\u03b2\u03af\u03b1", "NAME_HE": "\u05e7\u05d5\u05dc\u05d5\u05de\u05d1\u05d9\u05d4", "NAME_HI": "\u0915\u094b\u0932\u092e\u094d\u092c\u093f\u092f\u093e", "NAME_HU": "Kolumbia", "NAME_ID": "Kolombia", "NAME_IT": "Colombia", "NAME_JA": "\u30b3\u30ed\u30f3\u30d3\u30a2", "NAME_KO": "\ucf5c\ub86c\ube44\uc544", "NAME_NL": "Colombia", "NAME_PL": "Kolumbia", "NAME_PT": "Col\u00f4mbia", "NAME_RU": "\u041a\u043e\u043b\u0443\u043c\u0431\u0438\u044f", "NAME_SV": "Colombia", "NAME_TR": "Kolombiya", "NAME_UK": "\u041a\u043e\u043b\u0443\u043c\u0431\u0456\u044f", "NAME_UR": "\u06a9\u0648\u0644\u0645\u0628\u06cc\u0627", "NAME_VI": "Colombia", "NAME_ZH": "\u54e5\u4f26\u6bd4\u4e9a", "NAME_ZHT": "\u54e5\u502b\u6bd4\u4e9e", "FCLASS_ISO": "Admin-0 country", "TLC_DIFF": null, "FCLASS_TLC": "Admin-0 country", "FCLASS_US": null, "FCLASS_FR": null, "FCLASS_RU": null, "FCLASS_ES": null, "FCLASS_CN": null, "FCLASS_TW": null, "FCLASS_IN": null, "FCLASS_NP": null, "FCLASS_PK": null, "FCLASS_DE": null, "FCLASS_GB": null, "FCLASS_BR": null, "FCLASS_IL": null, "FCLASS_PS": null, "FCLASS_SA": null, "FCLASS_EG": null, "FCLASS_MA": null, "FCLASS_PT": null, "FCLASS_AR": null, "FCLASS_JP": null, "FCLASS_KO": null, "FCLASS_VN": null, "FCLASS_TR": null, "FCLASS_ID": null, "FCLASS_PL": null, "FCLASS_GR": null, "FCLASS_IT": null, "FCLASS_NL": null, "FCLASS_SE": null, "FCLASS_BD": null, "FCLASS_UA": null}, "bbox": [-79.025439, -4.235938, -66.876025, 12.434375], "geometry": {"type": "MultiPolygon", "coordinates": [[[[-71.319727, 11.861914], [-71.355566, 11.849756], [-71.400195, 11.823535], [-71.536084, 11.774072], [-71.719482, 11.726855], [-71.958105, 11.666406], [-72.012305, 11.601953], [-72.248486, 11.196436], [-72.446094, 11.114258], [-72.518018, 11.053906], [-72.572266, 10.977148], [-72.690088, 10.83584], [-72.73916, 10.727197], [-72.869336, 10.49126], [-72.940381, 10.195752], [-72.967383, 10.029736], [-73.006543, 9.78916], [-73.064062, 9.668213], [-73.14126, 9.554639], [-73.224268, 9.443604], [-73.295654, 9.322021], [-73.356348, 9.226855], [-73.366211, 9.194141], [-73.336719, 9.16792], [-73.193164, 9.194141], [-73.136719, 9.222803], [-73.058398, 9.25957], [-73.009277, 9.239941], [-72.960156, 9.135156], [-72.904443, 9.12207], [-72.8521, 9.135156], [-72.796387, 9.108984], [-72.725537, 8.848291], [-72.66543, 8.627588], [-72.525732, 8.489697], [-72.416553, 8.381982], [-72.390332, 8.287061], [-72.36416, 8.152783], [-72.357617, 8.087305], [-72.391699, 8.047705], [-72.446045, 7.966113], [-72.45957, 7.809863], [-72.468896, 7.757959], [-72.478955, 7.613232], [-72.471973, 7.524268], [-72.442969, 7.454883], [-72.394629, 7.415088], [-72.296338, 7.394531], [-72.207715, 7.370264], [-72.156689, 7.249707], [-72.084277, 7.096875], [-72.006641, 7.032617], [-71.892676, 6.990332], [-71.811279, 7.005811], [-71.620898, 7.03291], [-71.457129, 7.026367], [-71.217822, 6.985205], [-71.128613, 6.986719], [-71.013281, 6.994434], [-70.810693, 7.077588], [-70.737158, 7.090039], [-70.655078, 7.082764], [-70.535547, 7.040527], [-70.470654, 7.007129], [-70.3875, 6.972607], [-70.266113, 6.947949], [-70.188135, 6.952051], [-70.129199, 6.953613], [-70.09502, 6.937939], [-69.904199, 6.700244], [-69.738965, 6.494385], [-69.594824, 6.321484], [-69.439258, 6.134912], [-69.427148, 6.123975], [-69.35708, 6.147998], [-69.31084, 6.137598], [-69.268164, 6.099707], [-69.194531, 6.115332], [-69.089941, 6.184375], [-68.937207, 6.198193], [-68.736475, 6.156787], [-68.471777, 6.156543], [-68.143066, 6.19751], [-67.938867, 6.241943], [-67.85918, 6.289893], [-67.727148, 6.284961], [-67.568066, 6.241797], [-67.481982, 6.180273], [-67.471582, 6.119775], [-67.439355, 6.025537], [-67.473877, 5.92998], [-67.575195, 5.833105], [-67.631348, 5.709375], [-67.642285, 5.558789], [-67.694629, 5.44751], [-67.788428, 5.375488], [-67.824902, 5.270459], [-67.804199, 5.13252], [-67.814307, 4.930811], [-67.855273, 4.665479], [-67.855273, 4.506885], [-67.814307, 4.455078], [-67.79541, 4.380713], [-67.798633, 4.283887], [-67.783203, 4.198242], [-67.732324, 4.086523], [-67.661621, 3.864258], [-67.602539, 3.768799], [-67.551123, 3.733838], [-67.498682, 3.691113], [-67.347705, 3.46377], [-67.311133, 3.415869], [-67.322168, 3.373975], [-67.336279, 3.342627], [-67.353613, 3.322656], [-67.514844, 3.187256], [-67.834766, 2.892822], [-67.86123, 2.855322], [-67.859082, 2.793604], [-67.766455, 2.833301], [-67.667236, 2.800195], [-67.618701, 2.793604], [-67.59668, 2.769336], [-67.568018, 2.689941], [-67.534961, 2.676758], [-67.486426, 2.643652], [-67.391602, 2.559912], [-67.312256, 2.47168], [-67.252734, 2.429443], [-67.21084, 2.390137], [-67.197607, 2.332764], [-67.215234, 2.275488], [-67.165479, 2.142578], [-67.131445, 2.10127], [-67.113818, 2.050586], [-67.131445, 1.999854], [-67.089551, 1.940332], [-67.043896, 1.823193], [-66.988135, 1.680176], [-66.981543, 1.600781], [-66.95835, 1.564209], [-66.931104, 1.458008], [-66.884473, 1.358252], [-66.895508, 1.289893], [-66.876025, 1.223047], [-67.065234, 1.178369], [-67.082275, 1.1854], [-67.093652, 1.21001], [-67.088281, 1.400586], [-67.090137, 1.615576], [-67.119238, 1.703613], [-67.205811, 1.844824], [-67.320605, 2.03208], [-67.351953, 2.08584], [-67.400439, 2.116699], [-67.457764, 2.121143], [-67.499658, 2.10791], [-67.556055, 2.072998], [-67.609229, 2.035059], [-67.711865, 1.922119], [-67.815088, 1.790088], [-67.875537, 1.760596], [-67.93623, 1.748486], [-67.989746, 1.752539], [-68.032861, 1.788037], [-68.077051, 1.860107], [-68.130273, 1.955762], [-68.193799, 1.987012], [-68.218359, 1.957617], [-68.239453, 1.901367], [-68.255957, 1.845508], [-68.213281, 1.774561], [-68.176562, 1.719824], [-68.239551, 1.72168], [-68.443457, 1.721582], [-68.678467, 1.721484], [-68.913184, 1.721387], [-69.124268, 1.721289], [-69.319727, 1.72124], [-69.394336, 1.725781], [-69.470166, 1.75791], [-69.54292, 1.773242], [-69.58125, 1.770752], [-69.650049, 1.739453], [-69.7396, 1.734863], [-69.799951, 1.705176], [-69.848584, 1.70874], [-69.849463, 1.543896], [-69.850781, 1.308789], [-69.852148, 1.059521], [-69.798145, 1.078418], [-69.751318, 1.076611], [-69.716992, 1.059082], [-69.620898, 1.073242], [-69.567578, 1.065771], [-69.517139, 1.059473], [-69.470312, 1.058594], [-69.441504, 1.038818], [-69.402783, 1.042383], [-69.361377, 1.064014], [-69.311816, 1.050488], [-69.258691, 1.015381], [-69.224463, 0.963135], [-69.193848, 0.898291], [-69.163232, 0.864062], [-69.165039, 0.801953], [-69.165967, 0.75332], [-69.176758, 0.712842], [-69.163232, 0.68667], [-69.15332, 0.658789], [-69.156055, 0.642529], [-69.174072, 0.635352], [-69.212793, 0.629932], [-69.254199, 0.625439], [-69.283008, 0.627246], [-69.305518, 0.652441], [-69.327148, 0.655176], [-69.358643, 0.651562], [-69.391992, 0.666895], [-69.420801, 0.698389], [-69.472119, 0.729932], [-69.527051, 0.716406], [-69.564844, 0.700195], [-69.603613, 0.680371], [-69.638721, 0.659668], [-69.673828, 0.665088], [-69.718896, 0.649805], [-69.756738, 0.626367], [-69.807129, 0.607471], [-69.862061, 0.598486], [-69.925098, 0.589404], [-69.985449, 0.58584], [-70.053906, 0.578613], [-70.05791, 0.447363], [-70.065723, 0.189355], [-70.070947, 0.018555], [-70.070508, -0.138867], [-70.044043, -0.196191], [-69.922754, -0.31748], [-69.82793, -0.381348], [-69.747461, -0.452539], [-69.66748, -0.482422], [-69.633984, -0.509277], [-69.611914, -0.55332], [-69.600879, -0.599609], [-69.592041, -0.639355], [-69.600879, -0.68125], [-69.620703, -0.720898], [-69.611914, -0.762793], [-69.583252, -0.795898], [-69.574414, -0.837793], [-69.55459, -0.877441], [-69.543555, -0.917188], [-69.519287, -0.945801], [-69.488428, -0.965723], [-69.44873, -0.99873], [-69.444336, -1.02959], [-69.44873, -1.064941], [-69.449121, -1.091602], [-69.411426, -1.152246], [-69.400244, -1.194922], [-69.417871, -1.245703], [-69.434912, -1.42168], [-69.478613, -1.621973], [-69.506445, -1.774902], [-69.551855, -2.024219], [-69.604687, -2.314258], [-69.669043, -2.667676], [-69.732617, -3.016699], [-69.794141, -3.35459], [-69.849756, -3.659863], [-69.911035, -3.996582], [-69.948193, -4.200586], [-69.965918, -4.235938], [-70.017187, -4.162012], [-70.094775, -4.092188], [-70.167529, -4.050195], [-70.198389, -3.995117], [-70.240283, -3.882715], [-70.298437, -3.844238], [-70.339502, -3.814355], [-70.379199, -3.81875], [-70.421094, -3.849609], [-70.48584, -3.869336], [-70.529687, -3.866406], [-70.706201, -3.788965], [-70.735107, -3.781543], [-70.62168, -3.60459], [-70.418994, -3.288281], [-70.290137, -3.087305], [-70.14707, -2.864063], [-70.074023, -2.750195], [-70.064453, -2.730762], [-70.064746, -2.70166], [-70.09585, -2.658203], [-70.164746, -2.639844], [-70.244434, -2.606543], [-70.294629, -2.552539], [-70.36416, -2.529297], [-70.418213, -2.490723], [-70.516797, -2.453125], [-70.575879, -2.418262], [-70.647998, -2.405762], [-70.705371, -2.341992], [-70.914551, -2.218555], [-70.968555, -2.206836], [-71.027295, -2.225781], [-71.113379, -2.24541], [-71.196387, -2.313086], [-71.300098, -2.334863], [-71.396973, -2.334082], [-71.447461, -2.29375], [-71.496094, -2.279199], [-71.559473, -2.224219], [-71.671484, -2.182129], [-71.752539, -2.152734], [-71.802734, -2.166309], [-71.867285, -2.227734], [-71.932471, -2.288672], [-71.984277, -2.326563], [-72.053809, -2.324609], [-72.136816, -2.380664], [-72.218457, -2.400488], [-72.300732, -2.409277], [-72.395605, -2.428906], [-72.500684, -2.39502], [-72.586719, -2.365137], [-72.625342, -2.35166], [-72.660156, -2.361035], [-72.71416, -2.392188], [-72.81123, -2.405469], [-72.887158, -2.408496], [-72.941113, -2.394043], [-72.989648, -2.339746], [-73.068164, -2.312012], [-73.154492, -2.278223], [-73.172656, -2.208398], [-73.160205, -2.156348], [-73.126514, -2.081055], [-73.145215, -2.00332], [-73.181494, -1.880371], [-73.196973, -1.830273], [-73.223975, -1.787695], [-73.266455, -1.772266], [-73.349512, -1.783887], [-73.440283, -1.737402], [-73.496289, -1.693066], [-73.525244, -1.638867], [-73.494336, -1.536621], [-73.521387, -1.449707], [-73.575488, -1.401367], [-73.610254, -1.316406], [-73.664307, -1.248828], [-73.735742, -1.21416], [-73.807178, -1.217969], [-73.863184, -1.19668], [-73.926953, -1.125195], [-73.986816, -1.098145], [-74.054395, -1.028613], [-74.180762, -0.997754], [-74.246387, -0.970605], [-74.283887, -0.927832], [-74.334424, -0.850879], [-74.328613, -0.808398], [-74.353125, -0.766602], [-74.374902, -0.691406], [-74.417871, -0.580664], [-74.465186, -0.517676], [-74.513867, -0.470117], [-74.555078, -0.429883], [-74.616357, -0.37002], [-74.69165, -0.335254], [-74.755371, -0.298633], [-74.780469, -0.244531], [-74.801758, -0.200098], [-74.8375, -0.20332], [-74.888818, -0.199414], [-74.945312, -0.188184], [-75.00498, -0.155859], [-75.054688, -0.116699], [-75.138379, -0.050488], [-75.184082, -0.041748], [-75.224609, -0.041748], [-75.284473, -0.106543], [-75.463965, -0.038428], [-75.617334, 0.062891], [-75.77666, 0.089258], [-75.879785, 0.150977], [-75.974854, 0.247754], [-76.026172, 0.313086], [-76.06792, 0.345557], [-76.270605, 0.439404], [-76.311035, 0.448486], [-76.388184, 0.40498], [-76.413379, 0.378857], [-76.417969, 0.303906], [-76.427295, 0.26123], [-76.494629, 0.235449], [-76.603027, 0.240967], [-76.678516, 0.268164], [-76.729004, 0.272119], [-76.739307, 0.25083], [-76.767725, 0.24165], [-76.829346, 0.247754], [-76.920117, 0.268506], [-77.002441, 0.29624], [-77.114111, 0.355078], [-77.165723, 0.347754], [-77.292676, 0.3604], [-77.396338, 0.393896], [-77.422754, 0.424854], [-77.467676, 0.636523], [-77.481396, 0.651172], [-77.526123, 0.660352], [-77.601318, 0.689502], [-77.648633, 0.723633], [-77.673193, 0.782227], [-77.702881, 0.837842], [-77.829541, 0.825391], [-78.037012, 0.89873], [-78.180664, 0.968555], [-78.312109, 1.046094], [-78.511523, 1.198828], [-78.587646, 1.23667], [-78.681641, 1.283447], [-78.737109, 1.358691], [-78.828857, 1.434668], [-78.859668, 1.455371], [-78.888477, 1.524072], [-79.025439, 1.623682], [-78.957666, 1.752197], [-78.792969, 1.84873], [-78.576904, 1.773779], [-78.550439, 1.923633], [-78.628613, 2.05625], [-78.617041, 2.306787], [-78.591699, 2.356641], [-78.534717, 2.423682], [-78.460449, 2.470068], [-78.416895, 2.483496], [-78.342871, 2.460547], [-78.296143, 2.510498], [-78.12002, 2.488184], [-78.06665, 2.509131], [-78.030176, 2.543066], [-77.987207, 2.568994], [-77.932275, 2.629248], [-77.900781, 2.698828], [-77.874512, 2.725879], [-77.813574, 2.716357], [-77.807959, 2.746387], [-77.77666, 2.787305], [-77.67002, 2.878857], [-77.671094, 2.919336], [-77.700977, 3.007568], [-77.693652, 3.039941], [-77.632031, 3.051172], [-77.559131, 3.075977], [-77.520264, 3.160254], [-77.472217, 3.233789], [-77.417139, 3.341797], [-77.356543, 3.348584], [-77.324414, 3.474756], [-77.242773, 3.585352], [-77.076807, 3.913281], [-77.126855, 3.906055], [-77.166602, 3.862256], [-77.212012, 3.867432], [-77.263525, 3.893213], [-77.248389, 4.040967], [-77.278027, 4.058496], [-77.358203, 3.944727], [-77.427295, 4.060449], [-77.433545, 4.130957], [-77.404492, 4.200781], [-77.40874, 4.247754], [-77.520703, 4.212793], [-77.515527, 4.256299], [-77.44585, 4.301025], [-77.414258, 4.347607], [-77.353516, 4.398291], [-77.32832, 4.475], [-77.313672, 4.593848], [-77.286328, 4.721729], [-77.306543, 4.784668], [-77.339453, 4.838525], [-77.366748, 5.076562], [-77.35918, 5.215186], [-77.373291, 5.323975], [-77.401758, 5.416162], [-77.534424, 5.537109], [-77.324609, 5.675635], [-77.249268, 5.780176], [-77.344678, 5.995361], [-77.469434, 6.176758], [-77.473047, 6.285645], [-77.440088, 6.271729], [-77.398242, 6.275], [-77.359863, 6.504492], [-77.368799, 6.575586], [-77.438867, 6.690332], [-77.525977, 6.693115], [-77.602148, 6.837305], [-77.64585, 6.869629], [-77.680957, 6.9604], [-77.803711, 7.137256], [-77.901172, 7.229346], [-77.82832, 7.442822], [-77.764697, 7.483691], [-77.743896, 7.536963], [-77.76875, 7.668066], [-77.761914, 7.698828], [-77.746924, 7.711865], [-77.732031, 7.710938], [-77.706348, 7.691211], [-77.658594, 7.634619], [-77.618604, 7.564551], [-77.586572, 7.543066], [-77.538281, 7.56626], [-77.350781, 7.705859], [-77.362744, 7.749072], [-77.345605, 7.836523], [-77.282959, 7.908154], [-77.215967, 7.93252], [-77.195996, 7.972461], [-77.212305, 8.033887], [-77.282617, 8.187061], [-77.345508, 8.269531], [-77.385889, 8.35166], [-77.407275, 8.427246], [-77.478516, 8.498437], [-77.44834, 8.565869], [-77.393066, 8.644678], [-77.374219, 8.658301], [-77.344141, 8.636719], [-77.261572, 8.493701], [-77.130127, 8.400586], [-76.992285, 8.250342], [-76.93584, 8.146826], [-76.890967, 8.127979], [-76.851855, 8.090479], [-76.869092, 8.062695], [-76.912207, 8.033398], [-76.924658, 7.973193], [-76.896631, 7.939453], [-76.866895, 7.917969], [-76.786572, 7.931592], [-76.742334, 8.002148], [-76.77207, 8.310547], [-76.818604, 8.464697], [-76.872217, 8.512744], [-76.920459, 8.57373], [-76.887988, 8.619873], [-76.802246, 8.640674], [-76.689355, 8.694727], [-76.276855, 8.989111], [-76.135498, 9.265625], [-76.027246, 9.365771], [-75.905029, 9.430908], [-75.755566, 9.415625], [-75.639355, 9.450439], [-75.603613, 9.538477], [-75.635352, 9.657812], [-75.680029, 9.729785], [-75.637109, 9.834277], [-75.592676, 9.992725], [-75.595898, 10.12583], [-75.538574, 10.205176], [-75.558398, 10.236426], [-75.642187, 10.172168], [-75.70835, 10.143408], [-75.670898, 10.196338], [-75.553711, 10.327734], [-75.492773, 10.527637], [-75.445996, 10.610889], [-75.280615, 10.727197], [-75.247949, 10.783252], [-75.123047, 10.87041], [-74.921582, 11.057568], [-74.84458, 11.109717], [-74.454248, 10.989062], [-74.330225, 10.99668], [-74.352393, 10.974658], [-74.40957, 10.967187], [-74.492285, 10.934473], [-74.51626, 10.8625], [-74.460254, 10.787061], [-74.400879, 10.765234], [-74.350195, 10.813721], [-74.299951, 10.952246], [-74.219141, 11.105322], [-74.200195, 11.265723], [-74.14292, 11.32085], [-74.059131, 11.340625], [-73.90957, 11.308887], [-73.795703, 11.275684], [-73.676904, 11.271484], [-73.313379, 11.295752], [-72.721826, 11.712158], [-72.44707, 11.801709], [-72.275, 11.889258], [-72.165234, 12.060205], [-72.135742, 12.188574], [-72.055078, 12.238428], [-71.970117, 12.238281], [-71.93125, 12.269531], [-71.919141, 12.309082], [-71.714551, 12.419971], [-71.597461, 12.434375], [-71.493994, 12.432275], [-71.262109, 12.335303], [-71.155029, 12.16416], [-71.137305, 12.046338], [-71.28418, 11.918311], [-71.319727, 11.861914]]], [[[-78.113721, 2.541748], [-78.14082, 2.519678], [-78.19248, 2.559277], [-78.210107, 2.60918], [-78.178418, 2.646338], [-78.137646, 2.63418], [-78.119141, 2.603613], [-78.113721, 2.541748]]]]}}, {"type": "Feature", "properties": {"featurecla": "Admin-0 country", "scalerank": 1, "LABELRANK": 2, "SOVEREIGNT": "Brazil", "SOV_A3": "BRA", "ADM0_DIF": 0, "LEVEL": 2, "TYPE": "Sovereign country", "TLC": "1", "ADMIN": "Brazil", "ADM0_A3": "BRA", "GEOU_DIF": 0, "GEOUNIT": "Brazil", "GU_A3": "BRA", "SU_DIF": 0, "SUBUNIT": "Brazil", "SU_A3": "BRA", "BRK_DIFF": 0, "NAME": "Brazil", "NAME_LONG": "Brazil", "BRK_A3": "BRA", "BRK_NAME": "Brazil", "BRK_GROUP": null, "ABBREV": "Brazil", "POSTAL": "BR", "FORMAL_EN": "Federative Republic of Brazil", "FORMAL_FR": null, "NAME_CIAWF": "Brazil", "NOTE_ADM0": null, "NOTE_BRK": null, "NAME_SORT": "Brazil", "NAME_ALT": null, "MAPCOLOR7": 5, "MAPCOLOR8": 6, "MAPCOLOR9": 5, "MAPCOLOR13": 7, "POP_EST": 211049527, "POP_RANK": 17, "POP_YEAR": 2019, "GDP_MD": 1839758, "GDP_YEAR": 2019, "ECONOMY": "3. Emerging region: BRIC", "INCOME_GRP": "3. Upper middle income", "FIPS_10": "BR", "ISO_A2": "BR", "ISO_A2_EH": "BR", "ISO_A3": "BRA", "ISO_A3_EH": "BRA", "ISO_N3": "076", "ISO_N3_EH": "076", "UN_A3": "076", "WB_A2": "BR", "WB_A3": "BRA", "WOE_ID": 23424768, "WOE_ID_EH": 23424768, "WOE_NOTE": "Exact WOE match as country", "ADM0_ISO": "BRA", "ADM0_DIFF": null, "ADM0_TLC": "BRA", "ADM0_A3_US": "BRA", "ADM0_A3_FR": "BRA", "ADM0_A3_RU": "BRA", "ADM0_A3_ES": "BRA", "ADM0_A3_CN": "BRA", "ADM0_A3_TW": "BRA", "ADM0_A3_IN": "BRA", "ADM0_A3_NP": "BRA", "ADM0_A3_PK": "BRA", "ADM0_A3_DE": "BRA", "ADM0_A3_GB": "BRA", "ADM0_A3_BR": "BRA", "ADM0_A3_IL": "BRA", "ADM0_A3_PS": "BRA", "ADM0_A3_SA": "BRA", "ADM0_A3_EG": "BRA", "ADM0_A3_MA": "BRA", "ADM0_A3_PT": "BRA", "ADM0_A3_AR": "BRA", "ADM0_A3_JP": "BRA", "ADM0_A3_KO": "BRA", "ADM0_A3_VN": "BRA", "ADM0_A3_TR": "BRA", "ADM0_A3_ID": "BRA", "ADM0_A3_PL": "BRA", "ADM0_A3_GR": "BRA", "ADM0_A3_IT": "BRA", "ADM0_A3_NL": "BRA", "ADM0_A3_SE": "BRA", "ADM0_A3_BD": "BRA", "ADM0_A3_UA": "BRA", "ADM0_A3_UN": -99, "ADM0_A3_WB": -99, "CONTINENT": "South America", "REGION_UN": "Americas", "SUBREGION": "South America", "REGION_WB": "Latin America & Caribbean", "NAME_LEN": 6, "LONG_LEN": 6, "ABBREV_LEN": 6, "TINY": -99, "HOMEPART": 1, "MIN_ZOOM": 0, "MIN_LABEL": 1.7, "MAX_LABEL": 5.7, "LABEL_X": -49.55945, "LABEL_Y": -12.098687, "NE_ID": 1159320441, "WIKIDATAID": "Q155", "NAME_AR": "\u0627\u0644\u0628\u0631\u0627\u0632\u064a\u0644", "NAME_BN": "\u09ac\u09cd\u09b0\u09be\u099c\u09bf\u09b2", "NAME_DE": "Brasilien", "NAME_EN": "Brazil", "NAME_ES": "Brasil", "NAME_FA": "\u0628\u0631\u0632\u06cc\u0644", "NAME_FR": "Br\u00e9sil", "NAME_EL": "\u0392\u03c1\u03b1\u03b6\u03b9\u03bb\u03af\u03b1", "NAME_HE": "\u05d1\u05e8\u05d6\u05d9\u05dc", "NAME_HI": "\u092c\u094d\u0930\u093e\u091c\u093c\u0940\u0932", "NAME_HU": "Braz\u00edlia", "NAME_ID": "Brasil", "NAME_IT": "Brasile", "NAME_JA": "\u30d6\u30e9\u30b8\u30eb", "NAME_KO": "\ube0c\ub77c\uc9c8", "NAME_NL": "Brazili\u00eb", "NAME_PL": "Brazylia", "NAME_PT": "Brasil", "NAME_RU": "\u0411\u0440\u0430\u0437\u0438\u043b\u0438\u044f", "NAME_SV": "Brasilien", "NAME_TR": "Brezilya", "NAME_UK": "\u0411\u0440\u0430\u0437\u0438\u043b\u0456\u044f", "NAME_UR": "\u0628\u0631\u0627\u0632\u06cc\u0644", "NAME_VI": "Brasil", "NAME_ZH": "\u5df4\u897f", "NAME_ZHT": "\u5df4\u897f", "FCLASS_ISO": "Admin-0 country", "TLC_DIFF": null, "FCLASS_TLC": "Admin-0 country", "FCLASS_US": null, "FCLASS_FR": null, "FCLASS_RU": null, "FCLASS_ES": null, "FCLASS_CN": null, "FCLASS_TW": null, "FCLASS_IN": null, "FCLASS_NP": null, "FCLASS_PK": null, "FCLASS_DE": null, "FCLASS_GB": null, "FCLASS_BR": null, "FCLASS_IL": null, "FCLASS_PS": null, "FCLASS_SA": null, "FCLASS_EG": null, "FCLASS_MA": null, "FCLASS_PT": null, "FCLASS_AR": null, "FCLASS_JP": null, "FCLASS_KO": null, "FCLASS_VN": null, "FCLASS_TR": null, "FCLASS_ID": null, "FCLASS_PL": null, "FCLASS_GR": null, "FCLASS_IT": null, "FCLASS_NL": null, "FCLASS_SE": null, "FCLASS_BD": null, "FCLASS_UA": null}, "bbox": [-74.002051, -33.742188, -34.805469, 5.257959], "geometry": {"type": "MultiPolygon", "coordinates": [[[[-66.876025, 1.223047], [-66.619043, 0.992139], [-66.429248, 0.82168], [-66.347119, 0.767187], [-66.30166, 0.751953], [-66.191211, 0.763281], [-66.060059, 0.785352], [-65.996338, 0.809766], [-65.925879, 0.863135], [-65.811328, 0.937256], [-65.718115, 0.978027], [-65.681445, 0.983447], [-65.644678, 0.970361], [-65.566016, 0.926074], [-65.522998, 0.843408], [-65.562695, 0.74751], [-65.556055, 0.687988], [-65.473389, 0.69126], [-65.407227, 0.790479], [-65.36084, 0.868652], [-65.263965, 0.931885], [-65.169629, 1.022217], [-65.10376, 1.108105], [-65.026562, 1.158447], [-64.910107, 1.219727], [-64.817969, 1.257129], [-64.731543, 1.25332], [-64.667432, 1.293848], [-64.584375, 1.369873], [-64.52627, 1.431006], [-64.486035, 1.452783], [-64.405127, 1.446875], [-64.304199, 1.455273], [-64.205029, 1.529492], [-64.114844, 1.619287], [-64.067041, 1.770508], [-64.035449, 1.904443], [-64.008496, 1.931592], [-63.975781, 1.953027], [-63.937158, 1.966992], [-63.844482, 1.976709], [-63.682129, 2.048145], [-63.570264, 2.120508], [-63.463916, 2.136035], [-63.43252, 2.155566], [-63.393945, 2.22251], [-63.374854, 2.34043], [-63.389258, 2.411914], [-63.584619, 2.433936], [-63.712549, 2.434033], [-63.92417, 2.452441], [-64.024902, 2.481885], [-64.046582, 2.502393], [-64.048828, 2.525098], [-64.028711, 2.576074], [-64.009033, 2.671875], [-64.037793, 2.801514], [-64.143555, 3.004883], [-64.218848, 3.204687], [-64.22876, 3.343994], [-64.227051, 3.491211], [-64.221094, 3.587402], [-64.275293, 3.662695], [-64.56792, 3.899805], [-64.668994, 4.011816], [-64.702588, 4.089307], [-64.817871, 4.232275], [-64.788672, 4.276025], [-64.722266, 4.274414], [-64.665527, 4.237109], [-64.613672, 4.157715], [-64.576367, 4.139893], [-64.525537, 4.13999], [-64.255664, 4.140332], [-64.19248, 4.126855], [-64.154297, 4.100146], [-64.121729, 4.066992], [-64.073389, 3.974414], [-64.021484, 3.929102], [-63.914648, 3.930664], [-63.746973, 3.932568], [-63.65293, 3.94082], [-63.596631, 3.915039], [-63.526807, 3.893701], [-63.379785, 3.942871], [-63.338672, 3.943896], [-63.294727, 3.922266], [-63.13623, 3.756445], [-63.045312, 3.686475], [-62.968652, 3.593945], [-62.856982, 3.593457], [-62.7646, 3.672949], [-62.739941, 3.940332], [-62.712109, 4.01792], [-62.665332, 4.039648], [-62.609766, 4.042285], [-62.543945, 4.084326], [-62.472559, 4.138525], [-62.410645, 4.156738], [-62.153125, 4.098389], [-62.081592, 4.126318], [-61.82085, 4.197021], [-61.554248, 4.287793], [-61.479395, 4.402246], [-61.367529, 4.433008], [-61.280078, 4.516895], [-61.209424, 4.508057], [-61.102441, 4.504687], [-61.036279, 4.519336], [-61.002832, 4.535254], [-60.966406, 4.574707], [-60.90625, 4.686816], [-60.833398, 4.729199], [-60.741748, 4.774121], [-60.67915, 4.8271], [-60.627588, 4.892529], [-60.603857, 4.949365], [-60.604492, 4.99458], [-60.63501, 5.081982], [-60.671973, 5.164355], [-60.711963, 5.191553], [-60.742139, 5.202051], [-60.651367, 5.221143], [-60.576416, 5.19248], [-60.459521, 5.188086], [-60.408789, 5.210156], [-60.335205, 5.199316], [-60.24165, 5.257959], [-60.181738, 5.238818], [-60.142041, 5.238818], [-60.105957, 5.194238], [-60.078076, 5.143994], [-59.990674, 5.082861], [-59.999365, 4.989844], [-60.015479, 4.90752], [-60.026758, 4.812695], [-60.031787, 4.740527], [-60.068945, 4.66665], [-60.124561, 4.597656], [-60.140918, 4.569629], [-60.148633, 4.533252], [-60.111133, 4.511182], [-60.04502, 4.50459], [-59.962354, 4.501709], [-59.906104, 4.480322], [-59.83335, 4.475928], [-59.745801, 4.41665], [-59.703271, 4.381104], [-59.699707, 4.353516], [-59.72749, 4.287646], [-59.738574, 4.226758], [-59.716895, 4.188184], [-59.691211, 4.1604], [-59.620215, 4.023145], [-59.586426, 3.975391], [-59.557764, 3.96001], [-59.551123, 3.933545], [-59.575391, 3.883447], [-59.604443, 3.819678], [-59.670215, 3.752734], [-59.679004, 3.699805], [-59.731641, 3.666553], [-59.854395, 3.5875], [-59.833057, 3.462158], [-59.828809, 3.398584], [-59.831152, 3.349219], [-59.873047, 3.283105], [-59.945654, 3.087842], [-59.972314, 2.990479], [-59.995898, 2.76543], [-59.994336, 2.68999], [-59.960791, 2.588379], [-59.889648, 2.362939], [-59.849121, 2.327051], [-59.755225, 2.274121], [-59.743506, 2.121631], [-59.751758, 1.962402], [-59.756201, 1.900635], [-59.740723, 1.87417], [-59.698535, 1.861475], [-59.668506, 1.842334], [-59.66377, 1.795215], [-59.666602, 1.746289], [-59.596631, 1.718018], [-59.535693, 1.7], [-59.479443, 1.632422], [-59.377686, 1.527344], [-59.337256, 1.508203], [-59.316992, 1.4646], [-59.231201, 1.376025], [-59.100391, 1.343652], [-58.968506, 1.30459], [-58.916602, 1.248877], [-58.8625, 1.203613], [-58.821777, 1.201221], [-58.787207, 1.208496], [-58.730322, 1.24751], [-58.684619, 1.281055], [-58.605078, 1.27915], [-58.511865, 1.284668], [-58.495703, 1.312256], [-58.486865, 1.347754], [-58.506055, 1.438672], [-58.472949, 1.46626], [-58.395801, 1.481738], [-58.380371, 1.530225], [-58.362695, 1.556689], [-58.340674, 1.587549], [-58.314209, 1.591943], [-58.281152, 1.574316], [-58.23042, 1.563281], [-58.173096, 1.547852], [-58.142236, 1.516992], [-58.091309, 1.514355], [-58.034668, 1.520264], [-58.011768, 1.539941], [-57.995117, 1.574316], [-57.982812, 1.648438], [-57.946338, 1.650586], [-57.873437, 1.667285], [-57.795654, 1.7], [-57.691748, 1.704785], [-57.594434, 1.704102], [-57.545752, 1.726074], [-57.500439, 1.773828], [-57.412695, 1.908936], [-57.366797, 1.940137], [-57.31748, 1.963477], [-57.275586, 1.959229], [-57.1896, 1.981592], [-57.118896, 2.013965], [-57.092676, 2.005811], [-57.037598, 1.936475], [-57.010059, 1.92124], [-56.969531, 1.916406], [-56.836719, 1.88125], [-56.76626, 1.892187], [-56.689844, 1.914307], [-56.616455, 1.922656], [-56.563574, 1.907227], [-56.525488, 1.927246], [-56.482812, 1.942139], [-56.452832, 1.932324], [-56.38584, 1.923877], [-56.227148, 1.885352], [-56.019922, 1.842236], [-55.96333, 1.85708], [-55.929639, 1.8875], [-55.921631, 1.97666], [-55.915332, 2.039551], [-55.961963, 2.095117], [-56.020068, 2.158154], [-56.073633, 2.236768], [-56.137695, 2.259033], [-56.129395, 2.299512], [-56.087793, 2.341309], [-56.045117, 2.364404], [-56.020361, 2.392773], [-55.993506, 2.49751], [-55.975586, 2.515967], [-55.957471, 2.520459], [-55.935937, 2.516602], [-55.89375, 2.489502], [-55.730566, 2.406152], [-55.658936, 2.41875], [-55.385352, 2.440625], [-55.343994, 2.48877], [-55.286035, 2.499658], [-55.187695, 2.54751], [-55.148828, 2.550781], [-55.114111, 2.539209], [-55.070312, 2.54834], [-55.005811, 2.592969], [-54.978662, 2.597656], [-54.968408, 2.54834], [-54.926562, 2.497363], [-54.876074, 2.450391], [-54.85166, 2.439551], [-54.766846, 2.454736], [-54.722217, 2.44165], [-54.70293, 2.397949], [-54.697412, 2.359814], [-54.661865, 2.327539], [-54.61626, 2.326758], [-54.591943, 2.31377], [-54.550488, 2.293066], [-54.515088, 2.245459], [-54.433105, 2.20752], [-54.293066, 2.154248], [-54.227979, 2.15332], [-54.167383, 2.137061], [-54.130078, 2.121045], [-54.089746, 2.150488], [-53.946436, 2.232568], [-53.876611, 2.278271], [-53.829541, 2.312939], [-53.794238, 2.345996], [-53.767773, 2.354834], [-53.750146, 2.33501], [-53.734717, 2.308545], [-53.683691, 2.29292], [-53.563965, 2.261914], [-53.508984, 2.253125], [-53.431836, 2.279443], [-53.366016, 2.324219], [-53.334424, 2.339746], [-53.285498, 2.295215], [-53.252197, 2.232275], [-53.229785, 2.204883], [-53.180078, 2.211328], [-53.082275, 2.201709], [-53.009717, 2.181738], [-52.964844, 2.183545], [-52.903467, 2.211523], [-52.87041, 2.26665], [-52.783398, 2.317187], [-52.700635, 2.363672], [-52.653174, 2.425732], [-52.583008, 2.528906], [-52.559473, 2.573145], [-52.554688, 2.647656], [-52.455859, 2.86416], [-52.418408, 2.903857], [-52.396387, 2.972217], [-52.356641, 3.051562], [-52.356641, 3.117725], [-52.327881, 3.181738], [-52.27124, 3.237109], [-52.229443, 3.27168], [-52.162598, 3.364697], [-52.116113, 3.452295], [-51.999512, 3.646875], [-51.990625, 3.702002], [-51.944336, 3.735107], [-51.928906, 3.776953], [-51.879492, 3.828564], [-51.82749, 3.86958], [-51.805273, 3.929932], [-51.76709, 3.992676], [-51.683447, 4.039697], [-51.652539, 4.061279], [-51.557812, 4.233789], [-51.54707, 4.310889], [-51.461523, 4.31377], [-51.3271, 4.224756], [-51.219922, 4.093604], [-51.07627, 3.67168], [-51.052393, 3.281836], [-50.994141, 3.077539], [-50.827197, 2.651855], [-50.816504, 2.573047], [-50.789697, 2.477783], [-50.736963, 2.376758], [-50.67876, 2.210352], [-50.676562, 2.179443], [-50.714404, 2.134033], [-50.658936, 2.130957], [-50.608691, 2.104102], [-50.575879, 1.998584], [-50.534424, 1.927246], [-50.458887, 1.82959], [-50.304297, 1.797656], [-50.187598, 1.785986], [-50.054688, 1.730713], [-49.957129, 1.659863], [-49.881592, 1.419922], [-49.90625, 1.269043], [-49.898877, 1.162988], [-49.937939, 1.121436], [-50.047217, 1.051953], [-50.070996, 1.015088], [-50.294434, 0.835742], [-50.343262, 0.751025], [-50.462988, 0.637305], [-50.581543, 0.420508], [-50.755078, 0.222559], [-50.816357, 0.172559], [-50.910156, 0.160986], [-50.96709, 0.130273], [-51.101953, -0.03125], [-51.28291, -0.085205], [-51.299561, -0.178809], [-51.40415, -0.392676], [-51.496289, -0.509473], [-51.555029, -0.549121], [-51.702637, -0.762305], [-51.721533, -0.855469], [-51.720605, -1.018457], [-51.819141, -1.117773], [-51.921631, -1.180859], [-51.934473, -1.320312], [-51.980811, -1.367969], [-52.020459, -1.399023], [-52.229248, -1.3625], [-52.553418, -1.514063], [-52.66416, -1.551758], [-52.310303, -1.55957], [-52.19668, -1.640137], [-51.947559, -1.586719], [-51.646289, -1.394336], [-51.531201, -1.354102], [-51.297363, -1.223535], [-51.202344, -1.136523], [-51.028955, -1.032129], [-50.992041, -0.986328], [-50.894922, -0.937598], [-50.842285, -0.999609], [-50.838184, -1.038867], [-50.917871, -1.115234], [-50.897168, -1.164453], [-50.84458, -1.22627], [-50.825537, -1.311426], [-50.818652, -1.37627], [-50.786133, -1.489941], [-50.678955, -1.643848], [-50.675293, -1.694727], [-50.690039, -1.761719], [-50.63877, -1.81709], [-50.585596, -1.849902], [-50.403223, -2.015527], [-50.260449, -1.922949], [-50.172705, -1.896191], [-50.116602, -1.85752], [-49.999219, -1.831836], [-49.902979, -1.870605], [-49.719531, -1.926367], [-49.585352, -1.867188], [-49.313672, -1.731738], [-49.398633, -1.971582], [-49.460156, -2.191504], [-49.506982, -2.280273], [-49.553369, -2.519922], [-49.599316, -2.583887], [-49.636523, -2.656934], [-49.575879, -2.631445], [-49.523926, -2.596875], [-49.45752, -2.50459], [-49.407666, -2.344336], [-49.211035, -1.916504], [-49.154785, -1.878516], [-48.991309, -1.829785], [-48.71001, -1.487695], [-48.6, -1.48877], [-48.52959, -1.56748], [-48.462939, -1.613965], [-48.44585, -1.52041], [-48.349805, -1.482129], [-48.451465, -1.43584], [-48.468066, -1.393848], [-48.477734, -1.323828], [-48.408594, -1.229199], [-48.449805, -1.145508], [-48.306494, -1.039844], [-48.317578, -0.960547], [-48.266455, -0.895117], [-48.201758, -0.82793], [-48.128467, -0.795215], [-48.115088, -0.7375], [-48.068848, -0.713672], [-48.032568, -0.705078], [-47.960938, -0.769629], [-47.883398, -0.693359], [-47.807666, -0.663477], [-47.77373, -0.676758], [-47.731494, -0.710449], [-47.687109, -0.724805], [-47.651074, -0.71875], [-47.557324, -0.669922], [-47.470703, -0.748535], [-47.418652, -0.765918], [-47.43291, -0.721875], [-47.460352, -0.680957], [-47.439063, -0.647656], [-47.398096, -0.62666], [-47.268604, -0.64541], [-47.200537, -0.680469], [-47.126904, -0.74541], [-47.024609, -0.750195], [-46.944336, -0.743359], [-46.893652, -0.779883], [-46.81123, -0.779688], [-46.769922, -0.836523], [-46.644434, -0.916406], [-46.617236, -0.970605], [-46.516309, -0.996875], [-46.421729, -1.030078], [-46.32085, -1.03916], [-46.219141, -1.03125], [-46.21499, -1.099805], [-46.140381, -1.118359], [-46.044629, -1.103027], [-45.972266, -1.187402], [-45.778809, -1.250781], [-45.644775, -1.347852], [-45.556934, -1.330664], [-45.458594, -1.35625], [-45.353027, -1.567383], [-45.32915, -1.717285], [-45.282129, -1.696582], [-45.238574, -1.629492], [-45.18208, -1.507031], [-45.076367, -1.466406], [-45.025781, -1.513477], [-44.919775, -1.588867], [-44.828369, -1.67168], [-44.789844, -1.724805], [-44.721143, -1.733496], [-44.778516, -1.798828], [-44.720947, -1.792285], [-44.65127, -1.745801], [-44.59165, -1.841797], [-44.546777, -1.946289], [-44.537793, -2.052734], [-44.580029, -2.113867], [-44.617285, -2.152148], [-44.658643, -2.227539], [-44.70752, -2.241113], [-44.756348, -2.265527], [-44.700635, -2.32041], [-44.662402, -2.373242], [-44.579004, -2.230469], [-44.520361, -2.190332], [-44.435449, -2.168066], [-44.391309, -2.269629], [-44.381836, -2.365527], [-44.520117, -2.405469], [-44.520654, -2.48125], [-44.562012, -2.524219], [-44.589014, -2.573438], [-44.610791, -2.676855], [-44.638965, -2.7625], [-44.721387, -3.142285], [-44.723047, -3.204785], [-44.622656, -3.137891], [-44.437549, -2.944434], [-44.381152, -2.738379], [-44.308154, -2.535156], [-44.228613, -2.471289], [-44.179395, -2.471191], [-44.105566, -2.493457], [-44.101367, -2.560059], [-44.112646, -2.598535], [-44.191602, -2.699609], [-44.225195, -2.75498], [-44.192676, -2.80957], [-44.013232, -2.642188], [-43.93291, -2.583496], [-43.864453, -2.59541], [-43.728613, -2.518164], [-43.455127, -2.502051], [-43.434619, -2.413672], [-43.380078, -2.376074], [-43.229687, -2.386035], [-42.936719, -2.465039], [-42.832275, -2.52959], [-42.675879, -2.589648], [-42.593555, -2.661035], [-42.249609, -2.791992], [-41.999854, -2.806055], [-41.876172, -2.746582], [-41.721875, -2.808887], [-41.640137, -2.878613], [-41.479932, -2.916504], [-41.318213, -2.93623], [-41.194531, -2.886133], [-40.875586, -2.869629], [-40.474561, -2.795605], [-40.235352, -2.813184], [-39.964697, -2.861523], [-39.771826, -2.98584], [-39.609424, -3.05625], [-39.511182, -3.125586], [-39.352686, -3.197363], [-39.014355, -3.390234], [-38.895996, -3.501758], [-38.68623, -3.653711], [-38.475781, -3.71748], [-38.361914, -3.876465], [-38.271875, -3.948047], [-38.048828, -4.216406], [-37.795654, -4.404297], [-37.626318, -4.59209], [-37.301465, -4.713086], [-37.174658, -4.912402], [-36.954883, -4.936719], [-36.861133, -4.966602], [-36.747363, -5.050684], [-36.590723, -5.097559], [-36.386719, -5.084277], [-36.161768, -5.09375], [-35.979883, -5.054395], [-35.549414, -5.129395], [-35.481689, -5.166016], [-35.392578, -5.250879], [-35.235449, -5.566699], [-35.141748, -5.917188], [-35.095459, -6.185352], [-34.988184, -6.39375], [-34.92959, -6.785059], [-34.879883, -6.908203], [-34.875977, -7.00293], [-34.833887, -7.024414], [-34.805469, -7.288379], [-34.816602, -7.394824], [-34.857764, -7.533301], [-34.86084, -7.59502], [-34.854785, -7.634277], [-34.872998, -7.69209], [-34.878613, -7.747461], [-34.836914, -7.871777], [-34.834668, -7.971484], [-34.890527, -8.092188], [-34.96665, -8.407617], [-35.157764, -8.930566], [-35.340869, -9.230664], [-35.59707, -9.540625], [-35.763965, -9.702539], [-35.830127, -9.719043], [-35.89082, -9.687012], [-35.847754, -9.772461], [-35.885449, -9.847656], [-36.05498, -10.075781], [-36.223535, -10.225098], [-36.39834, -10.484082], [-36.411621, -10.489941], [-36.635742, -10.589941], [-36.768311, -10.67168], [-36.937793, -10.82041], [-37.093359, -11.054785], [-37.125488, -11.084961], [-37.182812, -11.068457], [-37.181201, -11.1875], [-37.315137, -11.375977], [-37.356006, -11.403906], [-37.354883, -11.350488], [-37.331641, -11.309863], [-37.320801, -11.266602], [-37.321777, -11.215137], [-37.359229, -11.252539], [-37.438477, -11.39375], [-37.411816, -11.497266], [-37.469336, -11.653613], [-37.688721, -12.1], [-37.957324, -12.475488], [-38.019238, -12.591309], [-38.239746, -12.844238], [-38.401758, -12.966211], [-38.447314, -12.96709], [-38.498926, -12.956641], [-38.524902, -12.762305], [-38.654004, -12.644629], [-38.690967, -12.623926], [-38.743896, -12.748535], [-38.787988, -12.782715], [-38.851758, -12.790137], [-38.783594, -12.844434], [-38.763721, -12.907227], [-38.833154, -13.03291], [-38.835303, -13.147168], [-38.95918, -13.273047], [-39.030908, -13.365137], [-39.067383, -13.480469], [-39.089355, -13.588184], [-39.034912, -13.558789], [-39.009082, -13.581445], [-38.988623, -13.615039], [-39.001221, -13.664551], [-39.041113, -13.758105], [-39.034912, -13.991016], [-39.048145, -14.043945], [-39.008496, -14.101172], [-38.966504, -14.003418], [-38.942334, -14.030664], [-39.05957, -14.654785], [-39.013379, -14.935645], [-38.996191, -15.253809], [-38.943213, -15.564355], [-38.885254, -15.841992], [-38.880615, -15.864258], [-38.960791, -16.186523], [-39.063232, -16.504395], [-39.125049, -16.763574], [-39.163965, -17.043555], [-39.202881, -17.178125], [-39.215234, -17.31582], [-39.170605, -17.64209], [-39.154004, -17.703906], [-39.278369, -17.849414], [-39.412598, -17.92002], [-39.486768, -17.990137], [-39.650781, -18.252344], [-39.739795, -18.639844], [-39.741943, -18.845996], [-39.699854, -19.277832], [-39.731445, -19.453906], [-39.783301, -19.571777], [-39.844727, -19.649121], [-40.001367, -19.741992], [-40.141699, -19.968262], [-40.202734, -20.206055], [-40.298877, -20.292676], [-40.318555, -20.425781], [-40.395947, -20.569434], [-40.596582, -20.783789], [-40.727051, -20.846191], [-40.789258, -20.906055], [-40.82876, -21.031348], [-40.954541, -21.237891], [-41.047266, -21.505664], [-41.023145, -21.596875], [-41.021582, -21.61084], [-40.987842, -21.920313], [-41.000293, -21.999023], [-41.12251, -22.084375], [-41.58291, -22.243652], [-41.705518, -22.309668], [-41.98042, -22.580664], [-41.997559, -22.644629], [-41.986133, -22.73584], [-41.940918, -22.788281], [-41.9875, -22.845117], [-42.042383, -22.94707], [-42.122461, -22.94082], [-42.581055, -22.941016], [-42.829297, -22.97334], [-42.958301, -22.96709], [-43.016211, -22.942578], [-43.081152, -22.902539], [-43.100684, -22.850098], [-43.06543, -22.770703], [-43.086279, -22.72334], [-43.154297, -22.725195], [-43.229004, -22.747656], [-43.241943, -22.795117], [-43.236621, -22.828809], [-43.208838, -22.878125], [-43.193604, -22.938574], [-43.22417, -22.991211], [-43.369482, -22.998047], [-43.532813, -23.046387], [-43.736523, -23.066602], [-43.898828, -23.101465], [-43.973828, -23.057324], [-43.898828, -23.035254], [-43.791406, -23.045996], [-43.675977, -23.009473], [-43.70293, -22.966309], [-43.866162, -22.910547], [-44.047461, -22.944727], [-44.147998, -23.011035], [-44.36792, -23.00498], [-44.637256, -23.055469], [-44.681152, -23.106934], [-44.673828, -23.206641], [-44.621094, -23.228516], [-44.569678, -23.274023], [-44.619092, -23.316406], [-44.667187, -23.335156], [-44.95166, -23.381445], [-45.21543, -23.575586], [-45.325391, -23.599707], [-45.423291, -23.685352], [-45.433398, -23.758496], [-45.464307, -23.802539], [-45.5271, -23.804785], [-45.664648, -23.764844], [-45.843164, -23.763672], [-45.97207, -23.795508], [-46.630762, -24.110352], [-46.867285, -24.236328], [-47.137207, -24.493164], [-47.592187, -24.781055], [-47.831152, -24.95293], [-47.876563, -24.997461], [-47.914307, -24.999902], [-47.98916, -25.035742], [-47.959375, -25.06543], [-47.90835, -25.068164], [-47.929395, -25.168262], [-48.024365, -25.236719], [-48.202734, -25.416504], [-48.242432, -25.40332], [-48.185937, -25.309863], [-48.273486, -25.306348], [-48.40249, -25.27207], [-48.458496, -25.310742], [-48.427637, -25.40332], [-48.476123, -25.442969], [-48.56416, -25.447461], [-48.643994, -25.436523], [-48.731738, -25.36875], [-48.692187, -25.491504], [-48.507031, -25.521289], [-48.429883, -25.550195], [-48.401172, -25.597363], [-48.545166, -25.815918], [-48.665771, -25.844336], [-48.679004, -25.875195], [-48.612842, -25.875], [-48.576318, -25.935449], [-48.619434, -26.179395], [-48.679004, -26.225781], [-48.71377, -26.226953], [-48.748291, -26.268652], [-48.700684, -26.34834], [-48.651611, -26.406445], [-48.658154, -26.519141], [-48.676514, -26.612402], [-48.677734, -26.70293], [-48.615674, -26.878125], [-48.593408, -27.058008], [-48.568359, -27.123438], [-48.55415, -27.195996], [-48.595508, -27.263867], [-48.571973, -27.372754], [-48.642578, -27.55791], [-48.605664, -27.825195], [-48.620801, -28.075586], [-48.648438, -28.207227], [-48.693213, -28.310156], [-48.797266, -28.442676], [-48.799658, -28.575293], [-49.023584, -28.698633], [-49.271289, -28.871191], [-49.499902, -29.075391], [-49.745996, -29.363184], [-50.03335, -29.800977], [-50.299512, -30.425781], [-50.619971, -30.897656], [-50.748145, -31.068066], [-50.921387, -31.258398], [-51.151758, -31.480371], [-51.4604, -31.702441], [-51.798145, -31.900293], [-51.920215, -31.989551], [-52.039209, -32.114844], [-52.068945, -32.063086], [-52.043164, -31.977539], [-52.05957, -31.913477], [-52.063232, -31.830371], [-51.995117, -31.815039], [-51.893164, -31.867773], [-51.841211, -31.832031], [-51.803418, -31.79668], [-51.680664, -31.774609], [-51.446191, -31.557324], [-51.272168, -31.476953], [-51.174316, -31.339746], [-51.15752, -31.266797], [-51.161426, -31.118848], [-51.105957, -31.081348], [-50.980078, -31.094238], [-50.954395, -31.052148], [-50.965332, -31.005469], [-50.94082, -30.903711], [-50.770166, -30.813379], [-50.689307, -30.704199], [-50.716309, -30.425977], [-50.685059, -30.413477], [-50.614844, -30.456836], [-50.581934, -30.438867], [-50.546533, -30.316895], [-50.563525, -30.253613], [-50.646191, -30.236816], [-50.931885, -30.374316], [-51.024951, -30.368652], [-51.040381, -30.260645], [-51.179297, -30.211035], [-51.233594, -30.121387], [-51.249854, -30.059961], [-51.298047, -30.034863], [-51.29502, -30.141016], [-51.281787, -30.244141], [-51.157275, -30.364258], [-51.187549, -30.411914], [-51.246582, -30.467578], [-51.287695, -30.591211], [-51.283057, -30.751563], [-51.316406, -30.702734], [-51.359082, -30.674512], [-51.376465, -30.846875], [-51.459131, -30.912793], [-51.485254, -30.977539], [-51.463672, -31.052637], [-51.506299, -31.104492], [-51.716895, -31.24375], [-51.926807, -31.338867], [-51.972461, -31.383789], [-51.994873, -31.489941], [-52.026953, -31.599023], [-52.119824, -31.694922], [-52.193555, -31.885547], [-52.191553, -31.967578], [-52.16709, -32.088477], [-52.127393, -32.167773], [-52.190186, -32.220801], [-52.274609, -32.32373], [-52.34165, -32.439746], [-52.508496, -32.875293], [-52.652246, -33.137793], [-52.762891, -33.266406], [-52.92085, -33.401953], [-53.370605, -33.742188], [-53.397559, -33.737305], [-53.463574, -33.709863], [-53.518848, -33.677246], [-53.531348, -33.655469], [-53.537646, -33.622852], [-53.530371, -33.500293], [-53.531348, -33.170898], [-53.511865, -33.108691], [-53.482861, -33.068555], [-53.395215, -33.010352], [-53.310107, -32.927051], [-53.214062, -32.821094], [-53.125586, -32.736719], [-53.157275, -32.680078], [-53.23125, -32.625391], [-53.362744, -32.581152], [-53.489404, -32.503223], [-53.601709, -32.403027], [-53.653613, -32.29873], [-53.701123, -32.186328], [-53.746582, -32.097461], [-53.761719, -32.056836], [-53.806104, -32.039941], [-53.876514, -31.994531], [-53.920605, -31.952344], [-53.985156, -31.928125], [-54.100439, -31.901563], [-54.220557, -31.855176], [-54.369922, -31.74502], [-54.477686, -31.622754], [-54.530908, -31.541992], [-54.587646, -31.485156], [-54.895996, -31.391211], [-55.036035, -31.279004], [-55.091162, -31.313965], [-55.173535, -31.27959], [-55.254639, -31.225586], [-55.278955, -31.18418], [-55.313281, -31.141699], [-55.345508, -31.092969], [-55.366064, -31.046191], [-55.449561, -30.964453], [-55.557324, -30.875977], [-55.603027, -30.850781], [-55.627148, -30.858105], [-55.650488, -30.89209], [-55.665234, -30.924902], [-55.705957, -30.946582], [-55.756348, -30.987109], [-55.807764, -31.036719], [-55.873682, -31.069629], [-55.952002, -31.080859], [-56.004687, -31.079199], [-56.015527, -31.059668], [-56.018457, -30.991895], [-55.998975, -30.837207], [-56.044824, -30.777637], [-56.105859, -30.71377], [-56.176172, -30.628418], [-56.407227, -30.447461], [-56.72168, -30.186914], [-56.832715, -30.107227], [-56.937256, -30.101074], [-57.032715, -30.109961], [-57.120508, -30.144434], [-57.186914, -30.264844], [-57.214453, -30.283398], [-57.383838, -30.280664], [-57.552295, -30.26123], [-57.608887, -30.187793], [-57.563867, -30.139941], [-57.405225, -30.033887], [-57.31748, -29.939453], [-57.300684, -29.856543], [-57.224658, -29.782129], [-57.089355, -29.716211], [-56.938623, -29.594824], [-56.772461, -29.417871], [-56.671533, -29.287305], [-56.63584, -29.203027], [-56.570703, -29.138086], [-56.475977, -29.09248], [-56.393262, -28.997266], [-56.322363, -28.852441], [-56.225537, -28.737207], [-56.102881, -28.651758], [-56.034229, -28.580859], [-56.019629, -28.524609], [-55.984912, -28.488574], [-55.930176, -28.472852], [-55.903662, -28.443262], [-55.90542, -28.399609], [-55.890527, -28.37002], [-55.858887, -28.354199], [-55.806055, -28.359766], [-55.731982, -28.386621], [-55.687256, -28.381641], [-55.671973, -28.344922], [-55.691504, -28.302832], [-55.745996, -28.255469], [-55.725488, -28.204102], [-55.582373, -28.120996], [-55.47666, -28.089355], [-55.409814, -28.037793], [-55.346484, -27.955957], [-55.24375, -27.898828], [-55.101514, -27.866797], [-55.063867, -27.835938], [-55.068994, -27.796289], [-55.039941, -27.767773], [-54.955908, -27.747168], [-54.910205, -27.708594], [-54.902783, -27.651953], [-54.875732, -27.599219], [-54.829102, -27.550586], [-54.7771, -27.53252], [-54.719727, -27.544922], [-54.665869, -27.526563], [-54.61543, -27.477148], [-54.554932, -27.454102], [-54.484326, -27.457324], [-54.448145, -27.446484], [-54.327002, -27.423535], [-54.260156, -27.382031], [-54.205225, -27.289648], [-54.156445, -27.253809], [-54.113818, -27.274707], [-54.040137, -27.24375], [-53.935352, -27.161133], [-53.915625, -27.15957], [-53.838184, -27.121094], [-53.758496, -26.97832], [-53.717285, -26.882812], [-53.727148, -26.804688], [-53.75332, -26.748633], [-53.74458, -26.666504], [-53.718164, -26.443164], [-53.710938, -26.351855], [-53.668555, -26.288184], [-53.671289, -26.225098], [-53.746924, -26.083691], [-53.823242, -25.95957], [-53.864209, -25.748828], [-53.891162, -25.668848], [-53.954785, -25.647656], [-54.012305, -25.57793], [-54.08501, -25.571875], [-54.119238, -25.545215], [-54.15459, -25.523047], [-54.206152, -25.52959], [-54.250098, -25.57041], [-54.331885, -25.571875], [-54.38335, -25.588672], [-54.443945, -25.625], [-54.501514, -25.608301], [-54.537842, -25.576465], [-54.615869, -25.576074], [-54.610547, -25.432715], [-54.473145, -25.220215], [-54.43623, -25.121289], [-54.454102, -25.065234], [-54.412988, -24.86748], [-54.312939, -24.528125], [-54.281006, -24.306055], [-54.317285, -24.20127], [-54.318262, -24.128125], [-54.266895, -24.06582], [-54.241797, -24.047266], [-54.370801, -23.971191], [-54.440234, -23.901758], [-54.52959, -23.852148], [-54.625488, -23.8125], [-54.671777, -23.829004], [-54.721387, -23.852148], [-54.817285, -23.888477], [-54.926465, -23.951367], [-54.982666, -23.974512], [-55.081885, -23.997656], [-55.194336, -24.01748], [-55.286914, -24.004297], [-55.366309, -23.991016], [-55.415918, -23.951367], [-55.442383, -23.865332], [-55.442383, -23.792578], [-55.458887, -23.686719], [-55.518457, -23.627246], [-55.538281, -23.580957], [-55.541602, -23.524707], [-55.534961, -23.461914], [-55.518457, -23.415625], [-55.528369, -23.359375], [-55.554834, -23.319629], [-55.548193, -23.250195], [-55.561426, -23.154297], [-55.601123, -23.094727], [-55.620996, -23.025293], [-55.620996, -22.955859], [-55.650732, -22.886426], [-55.654053, -22.810352], [-55.627588, -22.740918], [-55.617676, -22.671484], [-55.647412, -22.621875], [-55.703662, -22.59209], [-55.746631, -22.512695], [-55.753271, -22.410156], [-55.799561, -22.353906], [-55.84917, -22.307617], [-55.905371, -22.307617], [-55.991406, -22.281152], [-56.06748, -22.284473], [-56.189844, -22.281152], [-56.246045, -22.264648], [-56.275781, -22.228223], [-56.351855, -22.178613], [-56.394873, -22.092676], [-56.447803, -22.076172], [-56.523828, -22.102539], [-56.550293, -22.135645], [-56.580078, -22.181934], [-56.633008, -22.234863], [-56.702441, -22.231543], [-56.775195, -22.261328], [-56.844678, -22.264648], [-56.937256, -22.271289], [-57.029883, -22.244824], [-57.142334, -22.215039], [-57.238232, -22.195215], [-57.330859, -22.215039], [-57.393652, -22.198438], [-57.476367, -22.188574], [-57.568945, -22.181934], [-57.641699, -22.129004], [-57.721094, -22.099219], [-57.764062, -22.10918], [-57.820312, -22.142285], [-57.879834, -22.135645], [-57.955908, -22.10918], [-57.985693, -22.046387], [-57.979053, -22.006641], [-57.9625, -21.966992], [-57.932764, -21.910742], [-57.949316, -21.851172], [-57.942676, -21.79834], [-57.929443, -21.751953], [-57.916211, -21.699121], [-57.926172, -21.649512], [-57.929443, -21.596582], [-57.936084, -21.546973], [-57.945996, -21.494043], [-57.906299, -21.417969], [-57.873242, -21.355078], [-57.893066, -21.302246], [-57.886475, -21.26582], [-57.86001, -21.20625], [-57.826953, -21.133594], [-57.830225, -20.997949], [-57.86001, -20.918555], [-57.892236, -20.89707], [-57.900488, -20.873047], [-57.884814, -20.841699], [-57.901904, -20.809375], [-57.908496, -20.776367], [-57.891406, -20.747461], [-57.915137, -20.690332], [-57.9625, -20.673828], [-57.979053, -20.657324], [-57.995605, -20.594434], [-58.008838, -20.52168], [-58.002246, -20.46543], [-58.025391, -20.41582], [-58.058447, -20.386133], [-58.091504, -20.333203], [-58.124609, -20.293457], [-58.137793, -20.237305], [-58.159766, -20.164648], [-58.09375, -20.151074], [-58.067627, -20.110352], [-58.021143, -20.055176], [-57.960156, -20.040723], [-57.887598, -20.02041], [-57.860742, -19.97959], [-58.029932, -19.832715], [-58.131494, -19.744531], [-58.072021, -19.625293], [-57.97168, -19.424219], [-57.874512, -19.229492], [-57.800391, -19.080957], [-57.781445, -19.053516], [-57.716797, -19.044043], [-57.728613, -18.967383], [-57.730859, -18.917188], [-57.783105, -18.914258], [-57.725, -18.733203], [-57.63916, -18.475], [-57.574023, -18.279297], [-57.553125, -18.246484], [-57.506152, -18.237305], [-57.495654, -18.214648], [-57.552051, -18.183105], [-57.586475, -18.122266], [-57.66167, -17.947363], [-57.780176, -17.671777], [-57.788867, -17.573047], [-57.832471, -17.512109], [-57.905029, -17.532324], [-57.990918, -17.512891], [-58.205566, -17.363086], [-58.347754, -17.282129], [-58.395996, -17.234277], [-58.417383, -17.080566], [-58.459814, -16.910742], [-58.478125, -16.700684], [-58.470605, -16.650195], [-58.350391, -16.49082], [-58.350781, -16.410254], [-58.340576, -16.339941], [-58.345605, -16.284375], [-58.375391, -16.283594], [-58.423682, -16.30791], [-58.496582, -16.32666], [-58.537939, -16.328223], [-58.957275, -16.313184], [-59.434277, -16.295996], [-59.831152, -16.281738], [-60.175586, -16.269336], [-60.187207, -16.132129], [-60.206641, -15.901953], [-60.22041, -15.738672], [-60.242334, -15.47959], [-60.380469, -15.318262], [-60.530469, -15.143164], [-60.583203, -15.09834], [-60.402002, -15.092773], [-60.27334, -15.08877], [-60.298877, -14.618555], [-60.338037, -14.570508], [-60.372705, -14.41875], [-60.39624, -14.332813], [-60.460156, -14.263086], [-60.474658, -14.184766], [-60.462988, -14.132422], [-60.428076, -14.1], [-60.40498, -14.019238], [-60.422363, -13.937988], [-60.460156, -13.862402], [-60.506592, -13.789844], [-60.595312, -13.745313], [-60.722363, -13.664355], [-60.914502, -13.561426], [-61.077002, -13.489746], [-61.12915, -13.498535], [-61.416064, -13.526563], [-61.511572, -13.541211], [-61.575684, -13.524805], [-61.789941, -13.525586], [-61.874121, -13.47041], [-61.944727, -13.40625], [-62.094775, -13.241992], [-62.118018, -13.159766], [-62.176074, -13.133691], [-62.263916, -13.143652], [-62.352832, -13.132422], [-62.525537, -13.064258], [-62.687061, -12.994336], [-62.765479, -12.997266], [-62.835156, -12.953711], [-62.95791, -12.84707], [-63.015186, -12.805566], [-63.041357, -12.750391], [-63.06748, -12.669141], [-63.116797, -12.65166], [-63.180664, -12.666211], [-63.249756, -12.70791], [-63.34668, -12.680078], [-63.465234, -12.605176], [-63.541895, -12.54668], [-63.585645, -12.518945], [-63.688574, -12.478027], [-63.788086, -12.469434], [-63.938574, -12.529688], [-64.061621, -12.505078], [-64.255029, -12.483301], [-64.420508, -12.439746], [-64.480762, -12.326172], [-64.513428, -12.250977], [-64.61167, -12.203906], [-64.690039, -12.146484], [-64.783447, -12.059375], [-64.829883, -12.030273], [-64.914355, -12.005957], [-64.992529, -11.975195], [-65.001221, -11.92002], [-65.030273, -11.847363], [-65.037109, -11.829395], [-65.090283, -11.741211], [-65.115137, -11.735059], [-65.142676, -11.752344], [-65.163379, -11.765137], [-65.185742, -11.749512], [-65.189746, -11.710059], [-65.175391, -11.646875], [-65.206201, -11.580566], [-65.282275, -11.511035], [-65.322021, -11.43916], [-65.325488, -11.364746], [-65.342383, -11.315039], [-65.372852, -11.289941], [-65.389893, -11.246289], [-65.393604, -11.184277], [-65.371582, -11.110352], [-65.323779, -11.024805], [-65.334033, -10.892773], [-65.402295, -10.714746], [-65.43999, -10.58623], [-65.447119, -10.507422], [-65.436914, -10.449023], [-65.395459, -10.392285], [-65.313086, -10.253027], [-65.298584, -10.146777], [-65.324561, -10.026953], [-65.328125, -9.935547], [-65.309326, -9.872656], [-65.337891, -9.790234], [-65.396143, -9.712402], [-65.436768, -9.710449], [-65.491992, -9.731738], [-65.558691, -9.797461], [-65.637109, -9.809082], [-65.706787, -9.768457], [-65.924707, -9.785449], [-66.263574, -9.826074], [-66.399219, -9.868164], [-66.478906, -9.886133], [-66.575342, -9.899902], [-66.72998, -9.975488], [-67.111523, -10.268945], [-67.190479, -10.311426], [-67.280469, -10.317285], [-67.332715, -10.35791], [-67.416943, -10.389844], [-67.582422, -10.505957], [-67.66665, -10.598926], [-67.721777, -10.683105], [-67.785693, -10.686035], [-67.83501, -10.662793], [-67.991699, -10.674414], [-68.07168, -10.703125], [-68.158643, -10.785059], [-68.266602, -10.933105], [-68.311133, -10.975195], [-68.397998, -11.01875], [-68.49834, -11.054785], [-68.622656, -11.10918], [-68.678369, -11.112793], [-68.72749, -11.122461], [-68.769922, -11.097656], [-68.784082, -11.044629], [-68.84834, -11.011133], [-69.00166, -10.994336], [-69.228516, -10.955664], [-69.462549, -10.948145], [-69.578613, -10.951758], [-69.674023, -10.954102], [-69.839795, -10.933398], [-69.960352, -10.929883], [-70.066309, -10.982422], [-70.220068, -11.047656], [-70.290381, -11.064258], [-70.341992, -11.066699], [-70.392285, -11.058594], [-70.450879, -11.024805], [-70.533252, -10.946875], [-70.596533, -10.976855], [-70.642334, -11.010254], [-70.641553, -10.84082], [-70.640332, -10.586035], [-70.639355, -10.361328], [-70.638525, -10.181543], [-70.637598, -9.971777], [-70.636914, -9.82373], [-70.593799, -9.76748], [-70.567236, -9.70459], [-70.59917, -9.620508], [-70.592236, -9.543457], [-70.570166, -9.489844], [-70.541113, -9.4375], [-70.60791, -9.463672], [-70.636914, -9.478223], [-70.672461, -9.517969], [-70.758496, -9.57168], [-70.81626, -9.625293], [-70.884521, -9.669043], [-70.970752, -9.765723], [-71.041748, -9.81875], [-71.115283, -9.852441], [-71.237939, -9.966016], [-71.339404, -9.988574], [-71.608008, -10.006055], [-71.887451, -10.005566], [-72.142969, -10.005176], [-72.181592, -10.003711], [-72.179102, -9.910156], [-72.172852, -9.844043], [-72.259961, -9.774316], [-72.26582, -9.688477], [-72.289014, -9.629199], [-72.318066, -9.556641], [-72.379053, -9.510156], [-72.464746, -9.492188], [-72.605469, -9.452051], [-72.814258, -9.410352], [-73.01377, -9.407422], [-73.209424, -9.411426], [-73.089844, -9.265723], [-72.970361, -9.120117], [-72.974023, -8.993164], [-73.070508, -8.882812], [-73.122559, -8.814063], [-73.203125, -8.719336], [-73.302441, -8.654004], [-73.356738, -8.566992], [-73.351709, -8.51416], [-73.3604, -8.479297], [-73.398145, -8.458984], [-73.435889, -8.427051], [-73.488135, -8.392188], [-73.549121, -8.345801], [-73.549121, -8.299316], [-73.572363, -8.249902], [-73.610107, -8.191895], [-73.610107, -8.14541], [-73.644922, -8.072852], [-73.682666, -8.020605], [-73.72041, -7.985742], [-73.775586, -7.936426], [-73.772705, -7.895703], [-73.732031, -7.875391], [-73.7146, -7.829004], [-73.72041, -7.78252], [-73.766895, -7.753516], [-73.82207, -7.738965], [-73.894629, -7.654785], [-73.946875, -7.61123], [-73.981738, -7.585059], [-74.002051, -7.556055], [-73.981738, -7.535742], [-73.958496, -7.506641], [-73.952686, -7.460254], [-73.964307, -7.416699], [-73.964307, -7.378906], [-73.929443, -7.367285], [-73.891748, -7.373145], [-73.854004, -7.349902], [-73.804639, -7.341211], [-73.749463, -7.335352], [-73.72041, -7.309277], [-73.72334, -7.262793], [-73.758203, -7.172754], [-73.793018, -7.135059], [-73.804639, -7.079883], [-73.77627, -6.973535], [-73.758105, -6.905762], [-73.694531, -6.833789], [-73.499902, -6.679492], [-73.325488, -6.574707], [-73.240332, -6.564063], [-73.177441, -6.525195], [-73.137354, -6.46582], [-73.126318, -6.400879], [-73.135352, -6.344336], [-73.167725, -6.260645], [-73.206494, -6.156445], [-73.235547, -6.098438], [-73.209375, -6.028711], [-73.162891, -5.933398], [-73.068066, -5.789551], [-72.979883, -5.634863], [-72.970215, -5.589648], [-72.958936, -5.495215], [-72.918262, -5.302539], [-72.895801, -5.198242], [-72.907471, -5.157715], [-72.887061, -5.122754], [-72.831934, -5.09375], [-72.69873, -5.067188], [-72.60835, -5.00957], [-72.468994, -4.90127], [-72.352832, -4.786035], [-72.256787, -4.748926], [-72.08252, -4.642285], [-71.982422, -4.574609], [-71.943164, -4.55332], [-71.844727, -4.504395], [-71.668359, -4.487305], [-71.521338, -4.469727], [-71.438281, -4.437598], [-71.316797, -4.424316], [-71.23501, -4.388184], [-71.144238, -4.387207], [-70.973682, -4.350488], [-70.915625, -4.295313], [-70.866016, -4.22959], [-70.799512, -4.17334], [-70.721582, -4.158887], [-70.63457, -4.168652], [-70.530664, -4.167578], [-70.404639, -4.150098], [-70.343652, -4.193652], [-70.316895, -4.246973], [-70.23916, -4.301172], [-70.183984, -4.298145], [-70.128809, -4.286621], [-70.05332, -4.333105], [-70.003955, -4.327246], [-69.972021, -4.301172], [-69.965918, -4.235938], [-69.948193, -4.200586], [-69.911035, -3.996582], [-69.849756, -3.659863], [-69.794141, -3.35459], [-69.732617, -3.016699], [-69.669043, -2.667676], [-69.604687, -2.314258], [-69.551855, -2.024219], [-69.506445, -1.774902], [-69.478613, -1.621973], [-69.434912, -1.42168], [-69.417871, -1.245703], [-69.400244, -1.194922], [-69.411426, -1.152246], [-69.449121, -1.091602], [-69.44873, -1.064941], [-69.444336, -1.02959], [-69.44873, -0.99873], [-69.488428, -0.965723], [-69.519287, -0.945801], [-69.543555, -0.917188], [-69.55459, -0.877441], [-69.574414, -0.837793], [-69.583252, -0.795898], [-69.611914, -0.762793], [-69.620703, -0.720898], [-69.600879, -0.68125], [-69.592041, -0.639355], [-69.600879, -0.599609], [-69.611914, -0.55332], [-69.633984, -0.509277], [-69.66748, -0.482422], [-69.747461, -0.452539], [-69.82793, -0.381348], [-69.922754, -0.31748], [-70.044043, -0.196191], [-70.070508, -0.138867], [-70.070947, 0.018555], [-70.065723, 0.189355], [-70.05791, 0.447363], [-70.053906, 0.578613], [-69.985449, 0.58584], [-69.925098, 0.589404], [-69.862061, 0.598486], [-69.807129, 0.607471], [-69.756738, 0.626367], [-69.718896, 0.649805], [-69.673828, 0.665088], [-69.638721, 0.659668], [-69.603613, 0.680371], [-69.564844, 0.700195], [-69.527051, 0.716406], [-69.472119, 0.729932], [-69.420801, 0.698389], [-69.391992, 0.666895], [-69.358643, 0.651562], [-69.327148, 0.655176], [-69.305518, 0.652441], [-69.283008, 0.627246], [-69.254199, 0.625439], [-69.212793, 0.629932], [-69.174072, 0.635352], [-69.156055, 0.642529], [-69.15332, 0.658789], [-69.163232, 0.68667], [-69.176758, 0.712842], [-69.165967, 0.75332], [-69.165039, 0.801953], [-69.163232, 0.864062], [-69.193848, 0.898291], [-69.224463, 0.963135], [-69.258691, 1.015381], [-69.311816, 1.050488], [-69.361377, 1.064014], [-69.402783, 1.042383], [-69.441504, 1.038818], [-69.470312, 1.058594], [-69.517139, 1.059473], [-69.567578, 1.065771], [-69.620898, 1.073242], [-69.716992, 1.059082], [-69.751318, 1.076611], [-69.798145, 1.078418], [-69.852148, 1.059521], [-69.850781, 1.308789], [-69.849463, 1.543896], [-69.848584, 1.70874], [-69.799951, 1.705176], [-69.7396, 1.734863], [-69.650049, 1.739453], [-69.58125, 1.770752], [-69.54292, 1.773242], [-69.470166, 1.75791], [-69.394336, 1.725781], [-69.319727, 1.72124], [-69.124268, 1.721289], [-68.913184, 1.721387], [-68.678467, 1.721484], [-68.443457, 1.721582], [-68.239551, 1.72168], [-68.176562, 1.719824], [-68.213281, 1.774561], [-68.255957, 1.845508], [-68.239453, 1.901367], [-68.218359, 1.957617], [-68.193799, 1.987012], [-68.130273, 1.955762], [-68.077051, 1.860107], [-68.032861, 1.788037], [-67.989746, 1.752539], [-67.93623, 1.748486], [-67.875537, 1.760596], [-67.815088, 1.790088], [-67.711865, 1.922119], [-67.609229, 2.035059], [-67.556055, 2.072998], [-67.499658, 2.10791], [-67.457764, 2.121143], [-67.400439, 2.116699], [-67.351953, 2.08584], [-67.320605, 2.03208], [-67.205811, 1.844824], [-67.119238, 1.703613], [-67.090137, 1.615576], [-67.088281, 1.400586], [-67.093652, 1.21001], [-67.082275, 1.1854], [-67.065234, 1.178369], [-66.876025, 1.223047]]], [[[-49.628662, -0.229199], [-49.535205, -0.233594], [-49.402881, -0.214648], [-49.314258, -0.167871], [-49.215088, -0.158691], [-49.116992, -0.163574], [-48.786572, -0.215527], [-48.588037, -0.231641], [-48.51543, -0.248242], [-48.444482, -0.271875], [-48.392676, -0.297363], [-48.379687, -0.352832], [-48.428027, -0.441504], [-48.463965, -0.534766], [-48.497461, -0.664941], [-48.52334, -0.691406], [-48.56665, -0.684473], [-48.539697, -0.800977], [-48.549512, -0.847559], [-48.570947, -0.892871], [-48.624072, -0.986914], [-48.70459, -1.106641], [-48.728516, -1.131738], [-48.789844, -1.17334], [-48.839697, -1.226562], [-48.829004, -1.276563], [-48.804053, -1.326953], [-48.833594, -1.390039], [-48.928906, -1.482324], [-48.985938, -1.504688], [-49.038477, -1.514063], [-49.086865, -1.505078], [-49.172705, -1.412598], [-49.181689, -1.484961], [-49.204785, -1.558984], [-49.233984, -1.599512], [-49.344824, -1.595215], [-49.406592, -1.555566], [-49.506641, -1.511621], [-49.525684, -1.630469], [-49.587891, -1.712402], [-49.650586, -1.738086], [-49.748779, -1.755371], [-49.805127, -1.790234], [-49.911328, -1.762988], [-50.009961, -1.708496], [-50.065723, -1.703809], [-50.109277, -1.747852], [-50.338428, -1.755957], [-50.443457, -1.800684], [-50.507617, -1.787988], [-50.602051, -1.697754], [-50.617188, -1.637695], [-50.673389, -1.516016], [-50.723828, -1.371484], [-50.759766, -1.240234], [-50.729492, -1.126758], [-50.668311, -1.130566], [-50.595898, -1.147461], [-50.580518, -1.139453], [-50.576953, -1.103125], [-50.59292, -1.072949], [-50.709619, -1.077734], [-50.783301, -1.010352], [-50.796094, -0.90625], [-50.780957, -0.689844], [-50.771387, -0.64541], [-50.719922, -0.583398], [-50.703076, -0.528516], [-50.71582, -0.470215], [-50.693701, -0.364453], [-50.645508, -0.272852], [-50.461572, -0.157422], [-50.248242, -0.116406], [-49.628662, -0.229199]]], [[[-44.129297, -23.141895], [-44.098047, -23.169336], [-44.155762, -23.166602], [-44.220508, -23.19082], [-44.320068, -23.212305], [-44.360156, -23.17207], [-44.274121, -23.116211], [-44.242871, -23.074121], [-44.22041, -23.08291], [-44.191602, -23.113281], [-44.129297, -23.141895]]], [[[-48.584424, -26.401563], [-48.603076, -26.41377], [-48.665771, -26.289648], [-48.539746, -26.170313], [-48.497607, -26.21875], [-48.531104, -26.313184], [-48.568066, -26.379688], [-48.584424, -26.401563]]], [[[-45.260254, -23.88916], [-45.260889, -23.941309], [-45.302539, -23.914746], [-45.412842, -23.934961], [-45.451416, -23.895605], [-45.302344, -23.727539], [-45.272266, -23.751953], [-45.249072, -23.782617], [-45.233105, -23.825391], [-45.250293, -23.853027], [-45.260254, -23.88916]]], [[[-44.499316, -2.939648], [-44.597754, -3.037598], [-44.565332, -2.923926], [-44.581885, -2.845605], [-44.569092, -2.784961], [-44.501953, -2.72627], [-44.481445, -2.717578], [-44.487305, -2.789746], [-44.482568, -2.811914], [-44.499316, -2.939648]]], [[[-38.743848, -13.09707], [-38.783008, -13.118652], [-38.786963, -13.055078], [-38.684863, -12.974902], [-38.668115, -12.880176], [-38.614551, -12.924023], [-38.600293, -12.972461], [-38.601172, -12.992578], [-38.743848, -13.09707]]], [[[-38.903564, -13.473438], [-38.937891, -13.532324], [-38.977588, -13.523535], [-38.993213, -13.484082], [-39.022168, -13.445605], [-39.006592, -13.415527], [-38.980127, -13.398438], [-38.907129, -13.401074], [-38.903564, -13.473438]]], [[[-44.883105, -1.317871], [-44.947119, -1.366016], [-44.967871, -1.39082], [-45.02085, -1.372363], [-45.01123, -1.344727], [-44.995605, -1.347559], [-44.978662, -1.267285], [-44.888281, -1.276855], [-44.883105, -1.317871]]], [[[-49.738232, 0.268164], [-49.697266, 0.215967], [-49.838965, 0.006885], [-49.91709, -0.023193], [-50.00249, -0.029297], [-50.113135, 0.033008], [-50.285596, 0.028564], [-50.339453, 0.043359], [-50.345117, 0.134473], [-50.272656, 0.231738], [-50.127979, 0.226514], [-49.879004, 0.304541], [-49.738232, 0.268164]]], [[[-50.298975, 1.938525], [-50.398779, 1.892871], [-50.456104, 1.910498], [-50.508984, 2.029541], [-50.491016, 2.128613], [-50.41875, 2.161475], [-50.362646, 2.154443], [-50.341992, 2.141748], [-50.29209, 1.97959], [-50.298975, 1.938525]]], [[[-50.652881, -0.131641], [-50.926367, -0.327344], [-51.018994, -0.263086], [-51.038086, -0.225879], [-51.022363, -0.188379], [-51.025732, -0.172363], [-50.995068, -0.105273], [-50.842187, -0.050195], [-50.765283, -0.040869], [-50.666992, -0.058008], [-50.650586, -0.105859], [-50.652881, -0.131641]]], [[[-49.443896, -0.112402], [-49.708838, -0.14375], [-49.830078, -0.093896], [-49.802686, -0.051855], [-49.712305, 0.015137], [-49.602197, 0.062695], [-49.503467, 0.083691], [-49.400488, 0.057227], [-49.372314, 0.001074], [-49.380859, -0.055469], [-49.443896, -0.112402]]], [[[-50.426123, 0.139258], [-50.443945, -0.007666], [-50.623926, 0.054395], [-50.610449, 0.204785], [-50.526221, 0.246924], [-50.451562, 0.326904], [-50.426074, 0.424951], [-50.424561, 0.558252], [-50.396875, 0.581396], [-50.372754, 0.590869], [-50.350977, 0.581738], [-50.342529, 0.381592], [-50.332275, 0.259033], [-50.426123, 0.139258]]], [[[-50.15293, 0.393018], [-50.261328, 0.35918], [-50.281543, 0.39082], [-50.281689, 0.516504], [-50.251172, 0.585449], [-50.112793, 0.604736], [-50.098633, 0.625], [-50.058838, 0.638037], [-50.036816, 0.594824], [-50.040039, 0.522803], [-50.15293, 0.393018]]], [[[-51.83252, -1.433789], [-51.938379, -1.452637], [-51.802051, -1.202539], [-51.680029, -1.086133], [-51.678271, -0.855078], [-51.546045, -0.649609], [-51.424463, -0.565918], [-51.254004, -0.541406], [-51.160742, -0.666699], [-51.276318, -1.021777], [-51.310107, -1.023828], [-51.465137, -1.211133], [-51.637695, -1.341895], [-51.83252, -1.433789]]], [[[-48.485889, -27.766992], [-48.55459, -27.812207], [-48.542187, -27.574805], [-48.505176, -27.495508], [-48.464746, -27.436328], [-48.414893, -27.399609], [-48.37793, -27.451465], [-48.40957, -27.566309], [-48.496777, -27.707031], [-48.485889, -27.766992]]]]}}]}